Site,Population,Region,Block,ldt1,ldt2,ldt3,ldt4,ldt5,ldt6,ldt7,ldt8,brt1,brt2,brt3,brt4,brt5,brt6,brt7,brt8,lvt1,lvt2,lvt3,lvt4,lvt5,lvt6,lvt7,lvt8
Oyster Bay,N,N,5-8,1,1,1,1,1,1,1,1,0,1,1,1,1,0,0,1,0,7333,13533,275,910,0,0,99840
Oyster Bay,N,N,5-8,1,1,1,1,1,1,1,1,0,1,0,1,1,0,0,0,0,883,0,1900,2068,0,0,0
Oyster Bay,N,N,5-8,1,1,1,1,1,1,1,1,0,0,0,0,1,0,0,0,0,0,0,0,2083,0,0,0
Oyster Bay,N,N,5-8,1,1,1,1,1,1,1,1,0,0,0,0,0,0,0,0,0,0,0,0,0,0,0,0
Oyster Bay,N,N,5-8,1,1,1,1,1,1,1,1,0,0,0,0,0,0,0,0,0,0,0,0,0,0,0,0
Oyster Bay,N,N,5-8,1,1,1,1,1,1,1,1,0,0,0,0,0,0,0,0,0,0,0,0,0,0,0,0
Oyster Bay,N,N,5-8,1,1,1,1,1,1,1,1,0,0,0,0,0,0,0,0,0,0,0,0,0,0,0,0
Oyster Bay,N,N,5-8,1,1,1,1,1,1,1,1,0,0,0,0,0,0,0,0,0,0,0,0,0,0,0,0
Oyster Bay,N,N,5-8,1,1,1,1,1,1,1,1,0,0,0,0,0,0,0,0,0,0,0,0,0,0,0,0
Oyster Bay,N,N,5-8,1,1,1,1,1,1,1,1,0,0,0,0,0,0,0,0,0,0,0,0,0,0,0,0
Oyster Bay,N,N,5-8,1,1,1,1,1,1,1,1,0,0,0,0,0,0,0,0,0,0,0,0,0,0,0,0
Oyster Bay,N,N,5-8,1,1,1,1,1,1,1,1,0,0,0,0,0,0,0,0,0,0,0,0,0,0,0,0
Oyster Bay,N,N,5-8,1,1,1,1,1,1,1,1,0,0,0,0,0,0,0,0,0,0,0,0,0,0,0,0
Oyster Bay,N,N,5-8,1,1,1,1,1,1,1,1,0,0,0,0,0,0,0,0,0,0,0,0,0,0,0,0
Oyster Bay,N,N,5-8,1,1,1,1,1,1,1,1,0,0,0,0,0,0,0,0,0,0,0,0,0,0,0,0
Oyster Bay,N,N,5-8,1,1,1,1,1,1,1,1,0,0,0,0,0,0,0,0,0,0,0,0,0,0,0,0
Oyster Bay,N,N,5-8,1,1,1,1,1,1,1,1,0,0,0,0,0,0,0,0,0,0,0,0,0,0,0,0
Oyster Bay,N,N,5-8,1,1,1,1,1,1,1,1,0,0,0,0,0,0,0,0,0,0,0,0,0,0,0,0
Oyster Bay,N,N,5-8,1,1,1,1,1,1,1,1,0,0,0,0,0,0,0,0,0,0,0,0,0,0,0,0
Oyster Bay,N,N,5-8,1,1,1,1,1,1,1,1,0,0,0,0,0,0,0,0,0,0,0,0,0,0,0,0
Oyster Bay,N,N,5-8,1,1,1,1,1,1,1,1,0,0,0,0,0,0,0,0,0,0,0,0,0,0,0,0
Oyster Bay,N,N,5-8,1,1,1,1,1,1,1,1,0,0,0,0,0,0,0,0,0,0,0,0,0,0,0,0
Oyster Bay,N,N,5-8,1,1,1,1,1,1,1,1,0,0,0,0,0,0,0,0,0,0,0,0,0,0,0,0
Oyster Bay,N,N,5-8,1,1,1,1,1,1,1,1,0,0,0,0,0,0,0,0,0,0,0,0,0,0,0,0
Oyster Bay,N,N,5-8,1,1,1,1,1,1,1,1,0,0,0,0,0,0,0,0,0,0,0,0,0,0,0,0
Oyster Bay,N,N,5-8,1,1,1,1,1,1,1,1,0,0,0,0,0,0,0,0,0,0,0,0,0,0,0,0
Oyster Bay,N,N,5-8,1,1,1,1,1,1,1,1,0,0,0,0,0,0,0,0,0,0,0,0,0,0,0,0
Oyster Bay,N,N,5-8,1,1,1,1,1,1,1,1,0,0,0,0,0,0,0,0,0,0,0,0,0,0,0,0
Oyster Bay,N,N,5-8,1,1,1,1,1,1,1,1,0,0,0,0,0,0,0,0,0,0,0,0,0,0,0,0
Oyster Bay,N,N,5-8,1,1,1,1,1,1,1,1,0,0,0,0,0,0,0,0,0,0,0,0,0,0,0,0
Oyster Bay,N,N,5-8,1,1,1,1,1,1,1,1,0,0,0,0,0,0,0,0,0,0,0,0,0,0,0,0
Oyster Bay,N,N,5-8,1,1,1,1,1,1,1,1,0,0,0,0,0,0,0,0,0,0,0,0,0,0,0,0
Oyster Bay,N,N,5-8,1,1,1,1,1,1,1,1,0,0,0,0,0,0,0,0,0,0,0,0,0,0,0,0
Oyster Bay,N,N,5-8,1,1,1,1,1,1,1,1,0,0,0,0,0,0,0,0,0,0,0,0,0,0,0,0
Oyster Bay,N,N,5-8,1,1,1,1,1,1,1,1,0,0,0,0,0,0,0,0,0,0,0,0,0,0,0,0
Oyster Bay,N,N,5-8,1,1,1,1,1,1,1,1,0,0,0,0,0,0,0,0,0,0,0,0,0,0,0,0
Oyster Bay,N,N,5-8,1,1,1,1,1,1,1,1,0,0,0,0,0,0,0,0,0,0,0,0,0,0,0,0
Oyster Bay,N,N,5-8,1,1,1,1,1,1,1,1,0,0,0,0,0,0,0,0,0,0,0,0,0,0,0,0
Oyster Bay,N,N,5-8,1,1,1,1,1,1,1,1,0,0,0,0,0,0,0,0,0,0,0,0,0,0,0,0
Oyster Bay,N,N,5-8,1,1,1,1,1,1,1,1,0,0,0,0,0,0,0,0,0,0,0,0,0,0,0,0
Oyster Bay,N,N,5-8,1,1,1,1,1,1,1,1,0,0,0,0,0,0,0,0,0,0,0,0,0,0,0,0
Oyster Bay,N,N,5-8,1,1,1,1,1,1,1,1,0,0,0,0,0,0,0,0,0,0,0,0,0,0,0,0
Oyster Bay,N,N,5-8,1,1,1,1,1,1,1,1,0,0,0,0,0,0,0,0,0,0,0,0,0,0,0,0
Oyster Bay,N,N,5-8,1,1,1,1,1,1,1,1,0,0,0,0,0,0,0,0,0,0,0,0,0,0,0,0
Oyster Bay,N,N,5-8,1,1,1,1,1,1,1,1,0,0,0,0,0,0,0,0,0,0,0,0,0,0,0,0
Oyster Bay,N,N,5-8,1,1,1,1,1,1,1,1,0,0,0,0,0,0,0,0,0,0,0,0,0,0,0,0
Oyster Bay,N,N,5-8,1,1,1,1,1,1,1,1,0,0,0,0,0,0,0,0,0,0,0,0,0,0,0,0
Oyster Bay,N,N,5-8,1,1,1,1,1,1,1,1,0,0,0,0,0,0,0,0,0,0,0,0,0,0,0,0
Oyster Bay,N,N,5-8,1,1,1,1,1,1,1,1,0,0,0,0,0,0,0,0,0,0,0,0,0,0,0,0
Oyster Bay,N,N,5-8,1,1,1,1,1,1,0,0,0,0,0,0,0,0,0,0,0,0,0,0,0,0,0,0
Oyster Bay,N,N,5-8,1,1,1,1,1,0,0,0,0,0,0,0,0,0,0,0,0,0,0,0,0,0,0,0
Oyster Bay,N,N,5-8,1,1,1,1,1,0,0,0,0,0,0,0,0,0,0,0,0,0,0,0,0,0,0,0
Oyster Bay,N,N,5-8,1,1,1,1,1,0,0,0,0,0,0,0,0,0,0,0,0,0,0,0,0,0,0,0
Oyster Bay,N,N,5-8,1,1,1,1,1,0,0,0,0,0,0,0,0,0,0,0,0,0,0,0,0,0,0,0
Oyster Bay,N,N,5-8,1,1,1,1,1,0,0,0,0,0,0,0,0,0,0,0,0,0,0,0,0,0,0,0
Oyster Bay,N,N,5-8,1,1,1,1,1,0,0,0,0,0,0,0,0,0,0,0,0,0,0,0,0,0,0,0
Oyster Bay,N,N,5-8,1,1,1,1,1,0,0,0,0,0,0,0,0,0,0,0,0,0,0,0,0,0,0,0
Oyster Bay,N,N,5-8,1,1,1,1,1,0,0,0,0,0,0,0,0,0,0,0,0,0,0,0,0,0,0,0
Oyster Bay,N,N,5-8,1,1,1,1,1,0,0,0,0,0,0,0,0,0,0,0,0,0,0,0,0,0,0,0
Oyster Bay,N,N,5-8,1,1,1,0,0,0,0,0,0,0,0,0,0,0,0,0,0,0,0,0,0,0,0,0
Oyster Bay,N,N,5-8,0,0,0,0,0,0,0,0,0,0,0,0,0,0,0,0,0,0,0,0,0,0,0,0
Oyster Bay,N,N,5-8,0,0,0,0,0,0,0,0,0,0,0,0,0,0,0,0,0,0,0,0,0,0,0,0
Oyster Bay,N,N,5-8,0,0,0,0,0,0,0,0,0,0,0,0,0,0,0,0,0,0,0,0,0,0,0,0
Oyster Bay,N,N,5-8,0,0,0,0,0,0,0,0,0,0,0,0,0,0,0,0,0,0,0,0,0,0,0,0
Oyster Bay,N,N,5-8,0,0,0,0,0,0,0,0,0,0,0,0,0,0,0,0,0,0,0,0,0,0,0,0
Oyster Bay,N,N,5-8,0,0,0,0,0,0,0,0,0,0,0,0,0,0,0,0,0,0,0,0,0,0,0,0
Oyster Bay,N,N,5-8,0,0,0,0,0,0,0,0,0,0,0,0,0,0,0,0,0,0,0,0,0,0,0,0
Oyster Bay,H,H,1-4,1,1,1,1,1,1,1,1,0,1,1,1,0,1,1,1,0,1900,44833,433,0,289333,110013,127840
Oyster Bay,H,H,1-4,1,1,1,1,1,1,1,1,0,0,1,0,0,1,1,0,0,0,0,0,0,0,186747,0
Oyster Bay,H,H,1-4,1,1,1,1,1,1,1,1,0,0,0,0,0,1,1,0,0,0,0,0,0,0,126827,0
Oyster Bay,H,H,1-4,1,1,1,1,1,1,1,1,0,0,0,0,0,0,1,0,0,0,0,0,0,0,7280,0
Oyster Bay,H,H,1-4,1,1,1,1,1,1,1,1,0,0,0,0,0,0,1,0,0,0,0,0,0,0,583,0
Oyster Bay,H,H,1-4,1,1,1,1,1,1,1,1,0,0,0,0,0,0,0,0,0,0,0,0,0,0,0,0
Oyster Bay,H,H,1-4,1,1,1,1,1,1,1,1,0,0,0,0,0,0,0,0,0,0,0,0,0,0,0,0
Oyster Bay,H,H,1-4,1,1,1,1,1,1,1,1,0,0,0,0,0,0,0,0,0,0,0,0,0,0,0,0
Oyster Bay,H,H,1-4,1,1,1,1,1,1,1,1,0,0,0,0,0,0,0,0,0,0,0,0,0,0,0,0
Oyster Bay,H,H,1-4,1,1,1,1,1,1,1,1,0,0,0,0,0,0,0,0,0,0,0,0,0,0,0,0
Oyster Bay,H,H,1-4,1,1,1,1,1,1,1,1,0,0,0,0,0,0,0,0,0,0,0,0,0,0,0,0
Oyster Bay,H,H,1-4,1,1,1,1,1,1,1,1,0,0,0,0,0,0,0,0,0,0,0,0,0,0,0,0
Oyster Bay,H,H,1-4,1,1,1,1,1,1,1,1,0,0,0,0,0,0,0,0,0,0,0,0,0,0,0,0
Oyster Bay,H,H,1-4,1,1,1,1,1,1,1,1,0,0,0,0,0,0,0,0,0,0,0,0,0,0,0,0
Oyster Bay,H,H,1-4,1,1,1,1,1,1,1,1,0,0,0,0,0,0,0,0,0,0,0,0,0,0,0,0
Oyster Bay,H,H,1-4,1,1,1,1,1,1,1,1,0,0,0,0,0,0,0,0,0,0,0,0,0,0,0,0
Oyster Bay,H,H,1-4,1,1,1,1,1,1,1,1,0,0,0,0,0,0,0,0,0,0,0,0,0,0,0,0
Oyster Bay,H,H,1-4,1,1,1,1,1,1,1,1,0,0,0,0,0,0,0,0,0,0,0,0,0,0,0,0
Oyster Bay,H,H,1-4,1,1,1,1,1,1,1,1,0,0,0,0,0,0,0,0,0,0,0,0,0,0,0,0
Oyster Bay,H,H,1-4,1,1,1,1,1,1,1,1,0,0,0,0,0,0,0,0,0,0,0,0,0,0,0,0
Oyster Bay,H,H,1-4,1,1,1,1,1,1,1,1,0,0,0,0,0,0,0,0,0,0,0,0,0,0,0,0
Oyster Bay,H,H,1-4,1,1,1,1,1,1,1,1,0,0,0,0,0,0,0,0,0,0,0,0,0,0,0,0
Oyster Bay,H,H,1-4,1,1,1,1,1,1,1,1,0,0,0,0,0,0,0,0,0,0,0,0,0,0,0,0
Oyster Bay,H,H,1-4,1,1,1,1,1,1,1,1,0,0,0,0,0,0,0,0,0,0,0,0,0,0,0,0
Oyster Bay,H,H,1-4,1,1,1,1,1,1,1,1,0,0,0,0,0,0,0,0,0,0,0,0,0,0,0,0
Oyster Bay,H,H,1-4,1,1,1,1,1,1,1,1,0,0,0,0,0,0,0,0,0,0,0,0,0,0,0,0
Oyster Bay,H,H,1-4,1,1,1,1,1,1,1,1,0,0,0,0,0,0,0,0,0,0,0,0,0,0,0,0
Oyster Bay,H,H,1-4,1,1,1,1,1,1,1,1,0,0,0,0,0,0,0,0,0,0,0,0,0,0,0,0
Oyster Bay,H,H,1-4,1,1,1,1,1,1,1,1,0,0,0,0,0,0,0,0,0,0,0,0,0,0,0,0
Oyster Bay,H,H,1-4,1,1,1,1,1,1,1,1,0,0,0,0,0,0,0,0,0,0,0,0,0,0,0,0
Oyster Bay,H,H,1-4,1,1,1,1,1,1,1,1,0,0,0,0,0,0,0,0,0,0,0,0,0,0,0,0
Oyster Bay,H,H,1-4,1,1,1,1,1,1,1,1,0,0,0,0,0,0,0,0,0,0,0,0,0,0,0,0
Oyster Bay,H,H,1-4,1,1,1,1,1,1,1,1,0,0,0,0,0,0,0,0,0,0,0,0,0,0,0,0
Oyster Bay,H,H,1-4,1,1,1,1,1,1,1,1,0,0,0,0,0,0,0,0,0,0,0,0,0,0,0,0
Oyster Bay,H,H,1-4,1,1,1,1,1,1,1,1,0,0,0,0,0,0,0,0,0,0,0,0,0,0,0,0
Oyster Bay,H,H,1-4,1,1,1,1,1,1,1,1,0,0,0,0,0,0,0,0,0,0,0,0,0,0,0,0
Oyster Bay,H,H,1-4,1,1,1,1,1,1,1,1,0,0,0,0,0,0,0,0,0,0,0,0,0,0,0,0
Oyster Bay,H,H,1-4,1,1,1,1,1,1,1,1,0,0,0,0,0,0,0,0,0,0,0,0,0,0,0,0
Oyster Bay,H,H,1-4,1,1,1,1,1,1,1,1,0,0,0,0,0,0,0,0,0,0,0,0,0,0,0,0
Oyster Bay,H,H,1-4,1,1,1,1,1,1,1,1,0,0,0,0,0,0,0,0,0,0,0,0,0,0,0,0
Oyster Bay,H,H,1-4,1,1,1,1,1,1,1,1,0,0,0,0,0,0,0,0,0,0,0,0,0,0,0,0
Oyster Bay,H,H,1-4,1,1,1,1,1,1,1,1,0,0,0,0,0,0,0,0,0,0,0,0,0,0,0,0
Oyster Bay,H,H,1-4,1,1,1,1,1,1,1,1,0,0,0,0,0,0,0,0,0,0,0,0,0,0,0,0
Oyster Bay,H,H,1-4,1,1,1,1,1,1,1,1,0,0,0,0,0,0,0,0,0,0,0,0,0,0,0,0
Oyster Bay,H,H,1-4,1,1,1,1,1,1,1,1,0,0,0,0,0,0,0,0,0,0,0,0,0,0,0,0
Oyster Bay,H,H,1-4,1,1,1,1,1,1,1,1,0,0,0,0,0,0,0,0,0,0,0,0,0,0,0,0
Oyster Bay,H,H,1-4,1,1,1,1,1,1,1,1,0,0,0,0,0,0,0,0,0,0,0,0,0,0,0,0
Oyster Bay,H,H,1-4,1,1,1,1,1,1,1,1,0,0,0,0,0,0,0,0,0,0,0,0,0,0,0,0
Oyster Bay,H,H,1-4,1,1,1,1,1,1,1,1,0,0,0,0,0,0,0,0,0,0,0,0,0,0,0,0
Oyster Bay,H,H,1-4,1,1,1,1,1,1,1,1,0,0,0,0,0,0,0,0,0,0,0,0,0,0,0,0
Oyster Bay,H,H,1-4,1,1,1,1,1,1,1,1,0,0,0,0,0,0,0,0,0,0,0,0,0,0,0,0
Oyster Bay,H,H,1-4,1,1,1,1,1,1,1,1,0,0,0,0,0,0,0,0,0,0,0,0,0,0,0,0
Oyster Bay,H,H,1-4,1,1,1,1,1,1,1,1,0,0,0,0,0,0,0,0,0,0,0,0,0,0,0,0
Oyster Bay,H,H,1-4,1,1,1,1,1,1,1,1,0,0,0,0,0,0,0,0,0,0,0,0,0,0,0,0
Oyster Bay,H,H,1-4,1,1,1,1,1,1,1,1,0,0,0,0,0,0,0,0,0,0,0,0,0,0,0,0
Oyster Bay,H,H,1-4,1,1,1,1,1,1,1,1,0,0,0,0,0,0,0,0,0,0,0,0,0,0,0,0
Oyster Bay,H,H,1-4,1,1,1,1,1,1,1,1,0,0,0,0,0,0,0,0,0,0,0,0,0,0,0,0
Oyster Bay,H,H,1-4,1,1,1,1,1,1,1,1,0,0,0,0,0,0,0,0,0,0,0,0,0,0,0,0
Oyster Bay,H,H,1-4,1,1,1,1,1,1,1,1,0,0,0,0,0,0,0,0,0,0,0,0,0,0,0,0
Oyster Bay,H,H,1-4,1,1,1,1,1,1,1,1,0,0,0,0,0,0,0,0,0,0,0,0,0,0,0,0
Oyster Bay,H,H,1-4,1,1,1,1,1,1,1,1,0,0,0,0,0,0,0,0,0,0,0,0,0,0,0,0
Oyster Bay,H,H,1-4,1,1,1,1,1,1,1,1,0,0,0,0,0,0,0,0,0,0,0,0,0,0,0,0
Oyster Bay,H,H,1-4,1,1,1,1,1,1,1,1,0,0,0,0,0,0,0,0,0,0,0,0,0,0,0,0
Oyster Bay,H,H,1-4,1,1,1,1,1,1,1,0,0,0,0,0,0,0,0,0,0,0,0,0,0,0,0,0
Oyster Bay,H,H,1-4,1,1,1,1,1,1,0,0,0,0,0,0,0,0,0,0,0,0,0,0,0,0,0,0
Oyster Bay,H,H,1-4,1,1,1,1,1,1,0,0,0,0,0,0,0,0,0,0,0,0,0,0,0,0,0,0
Oyster Bay,H,H,1-4,1,1,1,1,1,1,0,0,0,0,0,0,0,0,0,0,0,0,0,0,0,0,0,0
Oyster Bay,H,H,1-4,1,1,1,1,1,1,0,0,0,0,0,0,0,0,0,0,0,0,0,0,0,0,0,0
Oyster Bay,H,H,1-4,1,1,1,1,1,1,0,0,0,0,0,0,0,0,0,0,0,0,0,0,0,0,0,0
Oyster Bay,H,H,1-4,1,1,1,1,1,1,0,0,0,0,0,0,0,0,0,0,0,0,0,0,0,0,0,0
Oyster Bay,H,H,1-4,1,1,1,1,1,0,0,0,0,0,0,0,0,0,0,0,0,0,0,0,0,0,0,0
Oyster Bay,H,H,1-4,1,1,1,1,1,0,0,0,0,0,0,0,0,0,0,0,0,0,0,0,0,0,0,0
Oyster Bay,H,H,1-4,1,1,1,1,1,0,0,0,0,0,0,0,0,0,0,0,0,0,0,0,0,0,0,0
Oyster Bay,H,H,1-4,1,1,1,1,1,0,0,0,0,0,0,0,0,0,0,0,0,0,0,0,0,0,0,0
Oyster Bay,H,H,1-4,1,1,1,1,1,0,0,0,0,0,0,0,0,0,0,0,0,0,0,0,0,0,0,0
Oyster Bay,H,H,1-4,1,1,1,1,1,0,0,0,0,0,0,0,0,0,0,0,0,0,0,0,0,0,0,0
Oyster Bay,H,H,1-4,1,1,1,1,1,0,0,0,0,0,0,0,0,0,0,0,0,0,0,0,0,0,0,0
Oyster Bay,H,H,1-4,1,1,1,1,1,0,0,0,0,0,0,0,0,0,0,0,0,0,0,0,0,0,0,0
Oyster Bay,H,H,1-4,1,1,1,1,1,0,0,0,0,0,0,0,0,0,0,0,0,0,0,0,0,0,0,0
Oyster Bay,H,H,1-4,1,1,1,1,1,0,0,0,0,0,0,0,0,0,0,0,0,0,0,0,0,0,0,0
Oyster Bay,H,H,1-4,1,1,1,1,1,0,0,0,0,0,0,0,0,0,0,0,0,0,0,0,0,0,0,0
Oyster Bay,H,H,1-4,1,1,1,1,0,0,0,0,0,0,0,0,0,0,0,0,0,0,0,0,0,0,0,0
Oyster Bay,H,H,1-4,0,0,0,0,0,0,0,0,0,0,0,0,0,0,0,0,0,0,0,0,0,0,0,0
Oyster Bay,H,H,1-4,0,0,0,0,0,0,0,0,0,0,0,0,0,0,0,0,0,0,0,0,0,0,0,0
Oyster Bay,H,H,1-4,0,0,0,0,0,0,0,0,0,0,0,0,0,0,0,0,0,0,0,0,0,0,0,0
Oyster Bay,H,H,1-4,0,0,0,0,0,0,0,0,0,0,0,0,0,0,0,0,0,0,0,0,0,0,0,0
Oyster Bay,H,H,1-4,0,0,0,0,0,0,0,0,0,0,0,0,0,0,0,0,0,0,0,0,0,0,0,0
Oyster Bay,H,H,1-4,0,0,0,0,0,0,0,0,0,0,0,0,0,0,0,0,0,0,0,0,0,0,0,0
Oyster Bay,H,H,1-4,0,0,0,0,0,0,0,0,0,0,0,0,0,0,0,0,0,0,0,0,0,0,0,0
Oyster Bay,S,S,13-16,1,1,1,1,1,1,1,1,0,1,1,1,1,1,0,0,0,14200,1567,867,640,155000,0,0
Oyster Bay,S,S,13-16,1,1,1,1,1,1,1,1,0,1,1,1,1,1,0,0,0,4300,883,585,240,118800,0,0
Oyster Bay,S,S,13-16,1,1,1,1,1,1,1,1,0,1,0,1,1,1,0,0,0,4833,0,35,38920,321587,0,0
Oyster Bay,S,S,13-16,1,1,1,1,1,1,1,1,0,1,0,0,1,1,0,0,0,1017,0,0,22833,71093,0,0
Oyster Bay,S,S,13-16,1,1,1,1,1,1,1,1,0,1,0,0,1,1,0,0,0,3933,0,0,1118,43307,0,0
Oyster Bay,S,S,13-16,1,1,1,1,1,1,1,1,0,0,0,0,1,1,0,0,0,0,0,0,1890,44520,0,0
Oyster Bay,S,S,13-16,1,1,1,1,1,1,1,1,0,0,0,0,1,1,0,0,0,0,0,0,3028,8603,0,0
Oyster Bay,S,S,13-16,1,1,1,1,1,1,1,1,0,0,0,0,1,1,0,0,0,0,0,0,477,5157,0,0
Oyster Bay,S,S,13-16,1,1,1,1,1,1,1,1,0,0,0,0,1,1,0,0,0,0,0,0,0,0,0,0
Oyster Bay,S,S,13-16,1,1,1,1,1,1,1,1,0,0,0,0,1,0,0,0,0,0,0,0,225,0,0,0
Oyster Bay,S,S,13-16,1,1,1,1,1,1,1,1,0,0,0,0,1,0,0,0,0,0,0,0,0,0,0,0
Oyster Bay,S,S,13-16,1,1,1,1,1,1,1,1,0,0,0,0,0,0,0,0,0,0,0,0,0,0,0,0
Oyster Bay,S,S,13-16,1,1,1,1,1,1,1,1,0,0,0,0,0,0,0,0,0,0,0,0,0,0,0,0
Oyster Bay,S,S,13-16,1,1,1,1,1,1,1,1,0,0,0,0,0,0,0,0,0,0,0,0,0,0,0,0
Oyster Bay,S,S,13-16,1,1,1,1,1,1,1,1,0,0,0,0,0,0,0,0,0,0,0,0,0,0,0,0
Oyster Bay,S,S,13-16,1,1,1,1,1,1,1,1,0,0,0,0,0,0,0,0,0,0,0,0,0,0,0,0
Oyster Bay,S,S,13-16,1,1,1,1,1,1,1,1,0,0,0,0,0,0,0,0,0,0,0,0,0,0,0,0
Oyster Bay,S,S,13-16,1,1,1,1,1,1,1,1,0,0,0,0,0,0,0,0,0,0,0,0,0,0,0,0
Oyster Bay,S,S,13-16,1,1,1,1,1,1,1,1,0,0,0,0,0,0,0,0,0,0,0,0,0,0,0,0
Oyster Bay,S,S,13-16,1,1,1,1,1,1,1,1,0,0,0,0,0,0,0,0,0,0,0,0,0,0,0,0
Oyster Bay,S,S,13-16,1,1,1,1,1,1,1,1,0,0,0,0,0,0,0,0,0,0,0,0,0,0,0,0
Oyster Bay,S,S,13-16,1,1,1,1,1,1,1,1,0,0,0,0,0,0,0,0,0,0,0,0,0,0,0,0
Oyster Bay,S,S,13-16,1,1,1,1,1,1,1,1,0,0,0,0,0,0,0,0,0,0,0,0,0,0,0,0
Oyster Bay,S,S,13-16,1,1,1,1,1,1,1,1,0,0,0,0,0,0,0,0,0,0,0,0,0,0,0,0
Oyster Bay,S,S,13-16,1,1,1,1,1,1,1,1,0,0,0,0,0,0,0,0,0,0,0,0,0,0,0,0
Oyster Bay,S,S,13-16,1,1,1,1,1,1,1,1,0,0,0,0,0,0,0,0,0,0,0,0,0,0,0,0
Oyster Bay,S,S,13-16,1,1,1,1,1,1,1,1,0,0,0,0,0,0,0,0,0,0,0,0,0,0,0,0
Oyster Bay,S,S,13-16,1,1,1,1,1,1,1,1,0,0,0,0,0,0,0,0,0,0,0,0,0,0,0,0
Oyster Bay,S,S,13-16,1,1,1,1,1,1,1,1,0,0,0,0,0,0,0,0,0,0,0,0,0,0,0,0
Oyster Bay,S,S,13-16,1,1,1,1,1,1,1,1,0,0,0,0,0,0,0,0,0,0,0,0,0,0,0,0
Oyster Bay,S,S,13-16,1,1,1,1,1,1,1,1,0,0,0,0,0,0,0,0,0,0,0,0,0,0,0,0
Oyster Bay,S,S,13-16,1,1,1,1,1,1,1,1,0,0,0,0,0,0,0,0,0,0,0,0,0,0,0,0
Oyster Bay,S,S,13-16,1,1,1,1,1,1,1,1,0,0,0,0,0,0,0,0,0,0,0,0,0,0,0,0
Oyster Bay,S,S,13-16,1,1,1,1,1,1,1,1,0,0,0,0,0,0,0,0,0,0,0,0,0,0,0,0
Oyster Bay,S,S,13-16,1,1,1,1,1,1,1,1,0,0,0,0,0,0,0,0,0,0,0,0,0,0,0,0
Oyster Bay,S,S,13-16,1,1,1,1,1,1,1,1,0,0,0,0,0,0,0,0,0,0,0,0,0,0,0,0
Oyster Bay,S,S,13-16,1,1,1,1,1,1,1,1,0,0,0,0,0,0,0,0,0,0,0,0,0,0,0,0
Oyster Bay,S,S,13-16,1,1,1,1,1,1,1,1,0,0,0,0,0,0,0,0,0,0,0,0,0,0,0,0
Oyster Bay,S,S,13-16,1,1,1,1,1,1,1,1,0,0,0,0,0,0,0,0,0,0,0,0,0,0,0,0
Oyster Bay,S,S,13-16,1,1,1,1,1,1,1,1,0,0,0,0,0,0,0,0,0,0,0,0,0,0,0,0
Oyster Bay,S,S,13-16,1,1,1,1,1,1,1,1,0,0,0,0,0,0,0,0,0,0,0,0,0,0,0,0
Oyster Bay,S,S,13-16,1,1,1,1,1,1,1,1,0,0,0,0,0,0,0,0,0,0,0,0,0,0,0,0
Oyster Bay,S,S,13-16,1,1,1,1,1,1,1,1,0,0,0,0,0,0,0,0,0,0,0,0,0,0,0,0
Oyster Bay,S,S,13-16,1,1,1,1,1,1,1,1,0,0,0,0,0,0,0,0,0,0,0,0,0,0,0,0
Oyster Bay,S,S,13-16,1,1,1,1,1,1,1,1,0,0,0,0,0,0,0,0,0,0,0,0,0,0,0,0
Oyster Bay,S,S,13-16,1,1,1,1,1,1,1,1,0,0,0,0,0,0,0,0,0,0,0,0,0,0,0,0
Oyster Bay,S,S,13-16,1,1,1,1,1,1,1,1,0,0,0,0,0,0,0,0,0,0,0,0,0,0,0,0
Oyster Bay,S,S,13-16,1,1,1,1,1,1,1,1,0,0,0,0,0,0,0,0,0,0,0,0,0,0,0,0
Oyster Bay,S,S,13-16,1,1,1,1,1,1,1,1,0,0,0,0,0,0,0,0,0,0,0,0,0,0,0,0
Oyster Bay,S,S,13-16,1,1,1,1,1,1,1,1,0,0,0,0,0,0,0,0,0,0,0,0,0,0,0,0
Oyster Bay,S,S,13-16,1,1,1,1,1,1,1,1,0,0,0,0,0,0,0,0,0,0,0,0,0,0,0,0
Oyster Bay,S,S,13-16,1,1,1,1,1,1,1,1,0,0,0,0,0,0,0,0,0,0,0,0,0,0,0,0
Oyster Bay,S,S,13-16,1,1,1,1,1,1,1,1,0,0,0,0,0,0,0,0,0,0,0,0,0,0,0,0
Oyster Bay,S,S,13-16,1,1,1,1,1,1,1,1,0,0,0,0,0,0,0,0,0,0,0,0,0,0,0,0
Oyster Bay,S,S,13-16,1,1,1,1,1,1,1,1,0,0,0,0,0,0,0,0,0,0,0,0,0,0,0,0
Oyster Bay,S,S,13-16,1,1,1,1,1,1,1,1,0,0,0,0,0,0,0,0,0,0,0,0,0,0,0,0
Oyster Bay,S,S,13-16,1,1,1,1,1,1,1,1,0,0,0,0,0,0,0,0,0,0,0,0,0,0,0,0
Oyster Bay,S,S,13-16,1,1,1,1,1,1,1,1,0,0,0,0,0,0,0,0,0,0,0,0,0,0,0,0
Oyster Bay,S,S,13-16,1,1,1,1,1,1,1,1,0,0,0,0,0,0,0,0,0,0,0,0,0,0,0,0
Oyster Bay,S,S,13-16,1,1,1,1,1,1,1,1,0,0,0,0,0,0,0,0,0,0,0,0,0,0,0,0
Oyster Bay,S,S,13-16,1,1,1,1,1,1,1,1,0,0,0,0,0,0,0,0,0,0,0,0,0,0,0,0
Oyster Bay,S,S,13-16,1,1,1,1,1,1,1,1,0,0,0,0,0,0,0,0,0,0,0,0,0,0,0,0
Oyster Bay,S,S,13-16,1,1,1,1,1,1,1,1,0,0,0,0,0,0,0,0,0,0,0,0,0,0,0,0
Oyster Bay,S,S,13-16,1,1,1,1,1,1,1,1,0,0,0,0,0,0,0,0,0,0,0,0,0,0,0,0
Oyster Bay,S,S,13-16,1,1,1,1,1,1,1,1,0,0,0,0,0,0,0,0,0,0,0,0,0,0,0,0
Oyster Bay,S,S,13-16,1,1,1,1,1,1,1,1,0,0,0,0,0,0,0,0,0,0,0,0,0,0,0,0
Oyster Bay,S,S,13-16,1,1,1,1,1,1,1,1,0,0,0,0,0,0,0,0,0,0,0,0,0,0,0,0
Oyster Bay,S,S,13-16,1,1,1,1,1,1,1,1,0,0,0,0,0,0,0,0,0,0,0,0,0,0,0,0
Oyster Bay,S,S,13-16,1,1,1,1,1,1,1,1,0,0,0,0,0,0,0,0,0,0,0,0,0,0,0,0
Oyster Bay,S,S,13-16,1,1,1,1,1,1,1,1,0,0,0,0,0,0,0,0,0,0,0,0,0,0,0,0
Oyster Bay,S,S,13-16,1,1,1,1,1,1,1,1,0,0,0,0,0,0,0,0,0,0,0,0,0,0,0,0
Oyster Bay,S,S,13-16,1,1,1,1,1,1,1,1,0,0,0,0,0,0,0,0,0,0,0,0,0,0,0,0
Oyster Bay,S,S,13-16,1,1,1,1,1,1,1,0,0,0,0,0,0,0,0,0,0,0,0,0,0,0,0,0
Oyster Bay,S,S,13-16,1,1,1,1,1,1,1,0,0,0,0,0,0,0,0,0,0,0,0,0,0,0,0,0
Oyster Bay,S,S,13-16,1,1,1,1,1,1,1,0,0,0,0,0,0,0,0,0,0,0,0,0,0,0,0,0
Oyster Bay,S,S,13-16,1,1,1,1,1,1,1,0,0,0,0,0,0,0,0,0,0,0,0,0,0,0,0,0
Oyster Bay,S,S,13-16,1,1,1,1,1,1,1,0,0,0,0,0,0,0,0,0,0,0,0,0,0,0,0,0
Oyster Bay,S,S,13-16,1,1,1,1,1,1,0,0,0,0,0,0,0,0,0,0,0,0,0,0,0,0,0,0
Oyster Bay,S,S,13-16,1,1,1,1,0,0,0,0,0,0,0,0,0,0,0,0,0,0,0,0,0,0,0,0
Oyster Bay,S,S,13-16,1,1,1,0,0,0,0,0,0,0,0,0,0,0,0,0,0,0,0,0,0,0,0,0
Oyster Bay,S,S,13-16,1,1,1,0,0,0,0,0,0,0,0,0,0,0,0,0,0,0,0,0,0,0,0,0
Oyster Bay,S,S,13-16,1,1,0,0,0,0,0,0,0,0,0,0,0,0,0,0,0,0,0,0,0,0,0,0
Oyster Bay,S,S,13-16,1,1,0,0,0,0,0,0,0,0,0,0,0,0,0,0,0,0,0,0,0,0,0,0
Oyster Bay,S,S,13-16,1,1,0,0,0,0,0,0,0,0,0,0,0,0,0,0,0,0,0,0,0,0,0,0
Oyster Bay,S,S,13-16,1,1,0,0,0,0,0,0,0,0,0,0,0,0,0,0,0,0,0,0,0,0,0,0
Oyster Bay,S,S,13-16,0,0,0,0,0,0,0,0,0,0,0,0,0,0,0,0,0,0,0,0,0,0,0,0
Oyster Bay,S,S,13-16,0,0,0,0,0,0,0,0,0,0,0,0,0,0,0,0,0,0,0,0,0,0,0,0
Oyster Bay,S,S,13-16,0,0,0,0,0,0,0,0,0,0,0,0,0,0,0,0,0,0,0,0,0,0,0,0
Oyster Bay,S,S,13-16,0,0,0,0,0,0,0,0,0,0,0,0,0,0,0,0,0,0,0,0,0,0,0,0
Oyster Bay,S,S,13-16,0,0,0,0,0,0,0,0,0,0,0,0,0,0,0,0,0,0,0,0,0,0,0,0
Oyster Bay,S,S,13-16,0,0,0,0,0,0,0,0,0,0,0,0,0,0,0,0,0,0,0,0,0,0,0,0
Oyster Bay,S,S,13-16,0,0,0,0,0,0,0,0,0,0,0,0,0,0,0,0,0,0,0,0,0,0,0,0
Oyster Bay,S,S,13-16,0,0,0,0,0,0,0,0,0,0,0,0,0,0,0,0,0,0,0,0,0,0,0,0
Clam Bay,N,N,9-12,1,1,1,1,,,,,0,0,0,0,,,,,0,0,0,0,,,,
Clam Bay,N,N,9-12,1,1,1,1,,,,,0,0,0,0,,,,,0,0,0,0,,,,
Clam Bay,N,N,9-12,1,1,1,1,,,,,0,0,0,0,,,,,0,0,0,0,,,,
Clam Bay,N,N,9-12,1,1,1,1,,,,,0,0,0,0,,,,,0,0,0,0,,,,
Clam Bay,N,N,9-12,1,1,1,1,,,,,0,0,0,0,,,,,0,0,0,0,,,,
Clam Bay,N,N,9-12,1,1,1,1,,,,,0,0,0,0,,,,,0,0,0,0,,,,
Clam Bay,N,N,9-12,1,1,1,1,,,,,0,0,0,0,,,,,0,0,0,0,,,,
Clam Bay,N,N,9-12,1,1,1,1,,,,,0,0,0,0,,,,,0,0,0,0,,,,
Clam Bay,N,N,9-12,1,1,1,1,,,,,0,0,0,0,,,,,0,0,0,0,,,,
Clam Bay,N,N,9-12,1,1,1,1,,,,,0,0,0,0,,,,,0,0,0,0,,,,
Clam Bay,N,N,9-12,1,1,1,1,,,,,0,0,0,0,,,,,0,0,0,0,,,,
Clam Bay,N,N,9-12,1,1,1,1,,,,,0,0,0,0,,,,,0,0,0,0,,,,
Clam Bay,N,N,9-12,1,1,1,1,,,,,0,0,0,0,,,,,0,0,0,0,,,,
Clam Bay,N,N,9-12,1,1,1,1,,,,,0,0,0,0,,,,,0,0,0,0,,,,
Clam Bay,N,N,9-12,1,1,1,1,,,,,0,0,0,0,,,,,0,0,0,0,,,,
Clam Bay,N,N,9-12,1,1,1,1,,,,,0,0,0,0,,,,,0,0,0,0,,,,
Clam Bay,N,N,9-12,1,1,1,1,,,,,0,0,0,0,,,,,0,0,0,0,,,,
Clam Bay,N,N,9-12,1,1,1,1,,,,,0,0,0,0,,,,,0,0,0,0,,,,
Clam Bay,N,N,9-12,1,1,1,1,,,,,0,0,0,0,,,,,0,0,0,0,,,,
Clam Bay,N,N,9-12,1,1,1,1,,,,,0,0,0,0,,,,,0,0,0,0,,,,
Clam Bay,N,N,9-12,1,1,1,1,,,,,0,0,0,0,,,,,0,0,0,0,,,,
Clam Bay,N,N,9-12,1,1,1,1,,,,,0,0,0,0,,,,,0,0,0,0,,,,
Clam Bay,N,N,9-12,1,1,1,1,,,,,0,0,0,0,,,,,0,0,0,0,,,,
Clam Bay,N,N,9-12,1,1,1,1,,,,,0,0,0,0,,,,,0,0,0,0,,,,
Clam Bay,N,N,9-12,1,1,1,1,,,,,0,0,0,0,,,,,0,0,0,0,,,,
Clam Bay,N,N,9-12,1,1,1,1,,,,,0,0,0,0,,,,,0,0,0,0,,,,
Clam Bay,N,N,9-12,1,1,1,1,,,,,0,0,0,0,,,,,0,0,0,0,,,,
Clam Bay,N,N,9-12,1,1,1,1,,,,,0,0,0,0,,,,,0,0,0,0,,,,
Clam Bay,N,N,9-12,1,1,1,1,,,,,0,0,0,0,,,,,0,0,0,0,,,,
Clam Bay,N,N,9-12,1,1,1,1,,,,,0,0,0,0,,,,,0,0,0,0,,,,
Clam Bay,N,N,9-12,1,1,1,1,,,,,0,0,0,0,,,,,0,0,0,0,,,,
Clam Bay,N,N,9-12,1,1,1,1,,,,,0,0,0,0,,,,,0,0,0,0,,,,
Clam Bay,N,N,9-12,1,1,1,1,,,,,0,0,0,0,,,,,0,0,0,0,,,,
Clam Bay,N,N,9-12,1,1,1,1,,,,,0,0,0,0,,,,,0,0,0,0,,,,
Clam Bay,N,N,9-12,1,1,1,1,,,,,0,0,0,0,,,,,0,0,0,0,,,,
Clam Bay,N,N,9-12,1,1,1,1,,,,,0,0,0,0,,,,,0,0,0,0,,,,
Clam Bay,N,N,9-12,1,1,1,1,,,,,0,0,0,0,,,,,0,0,0,0,,,,
Clam Bay,N,N,9-12,1,1,1,1,,,,,0,0,0,0,,,,,0,0,0,0,,,,
Clam Bay,N,N,9-12,1,1,1,1,,,,,0,0,0,0,,,,,0,0,0,0,,,,
Clam Bay,N,N,9-12,1,1,1,1,,,,,0,0,0,0,,,,,0,0,0,0,,,,
Clam Bay,N,N,9-12,1,1,1,1,,,,,0,0,0,0,,,,,0,0,0,0,,,,
Clam Bay,N,N,9-12,1,1,1,1,,,,,0,0,0,0,,,,,0,0,0,0,,,,
Clam Bay,N,N,9-12,1,1,1,1,,,,,0,0,0,0,,,,,0,0,0,0,,,,
Clam Bay,N,N,9-12,1,1,1,1,,,,,0,0,0,0,,,,,0,0,0,0,,,,
Clam Bay,N,N,9-12,1,1,1,1,,,,,0,0,0,0,,,,,0,0,0,0,,,,
Clam Bay,N,N,9-12,1,1,1,1,,,,,0,0,0,0,,,,,0,0,0,0,,,,
Clam Bay,N,N,9-12,1,1,1,1,,,,,0,0,0,0,,,,,0,0,0,0,,,,
Clam Bay,N,N,9-12,1,1,0,1,,,,,0,0,0,0,,,,,0,0,0,0,,,,
Clam Bay,N,N,9-12,1,1,0,1,,,,,0,0,0,0,,,,,0,0,0,0,,,,
Clam Bay,N,N,9-12,1,1,0,1,,,,,0,0,0,0,,,,,0,0,0,0,,,,
Clam Bay,N,N,9-12,1,1,0,0,,,,,0,0,0,0,,,,,0,0,0,0,,,,
Clam Bay,N,N,9-12,1,0,0,0,,,,,0,0,0,0,,,,,0,0,0,0,,,,
Clam Bay,N,N,9-12,1,0,0,0,,,,,0,0,0,0,,,,,0,0,0,0,,,,
Clam Bay,N,N,9-12,1,0,0,0,,,,,0,0,0,0,,,,,0,0,0,0,,,,
Clam Bay,N,N,9-12,1,0,0,0,,,,,0,0,0,0,,,,,0,0,0,0,,,,
Clam Bay,N,N,9-12,1,0,0,0,,,,,0,0,0,0,,,,,0,0,0,0,,,,
Clam Bay,N,N,9-12,1,0,0,0,,,,,0,0,0,0,,,,,0,0,0,0,,,,
Clam Bay,N,N,9-12,1,0,0,0,,,,,0,0,0,0,,,,,0,0,0,0,,,,
Clam Bay,N,N,9-12,1,0,0,0,,,,,0,0,0,0,,,,,0,0,0,0,,,,
Clam Bay,H,H,1-4,1,1,1,1,,,,,0,0,1,1,,,,,0,0,11400,70300,,,,
Clam Bay,H,H,1-4,1,1,1,1,,,,,0,0,0,1,,,,,0,0,0,72517,,,,
Clam Bay,H,H,1-4,1,1,1,1,,,,,0,0,0,0,,,,,0,0,0,0,,,,
Clam Bay,H,H,1-4,1,1,1,1,,,,,0,0,0,0,,,,,0,0,0,0,,,,
Clam Bay,H,H,1-4,1,1,1,1,,,,,0,0,0,0,,,,,0,0,0,0,,,,
Clam Bay,H,H,1-4,1,1,1,1,,,,,0,0,0,0,,,,,0,0,0,0,,,,
Clam Bay,H,H,1-4,1,1,1,1,,,,,0,0,0,0,,,,,0,0,0,0,,,,
Clam Bay,H,H,1-4,1,1,1,1,,,,,0,0,0,0,,,,,0,0,0,0,,,,
Clam Bay,H,H,1-4,1,1,1,1,,,,,0,0,0,0,,,,,0,0,0,0,,,,
Clam Bay,H,H,1-4,1,1,1,1,,,,,0,0,0,0,,,,,0,0,0,0,,,,
Clam Bay,H,H,1-4,1,1,1,1,,,,,0,0,0,0,,,,,0,0,0,0,,,,
Clam Bay,H,H,1-4,1,1,1,1,,,,,0,0,0,0,,,,,0,0,0,0,,,,
Clam Bay,H,H,1-4,1,1,1,1,,,,,0,0,0,0,,,,,0,0,0,0,,,,
Clam Bay,H,H,1-4,1,1,1,1,,,,,0,0,0,0,,,,,0,0,0,0,,,,
Clam Bay,H,H,1-4,1,1,1,1,,,,,0,0,0,0,,,,,0,0,0,0,,,,
Clam Bay,H,H,1-4,1,1,1,1,,,,,0,0,0,0,,,,,0,0,0,0,,,,
Clam Bay,H,H,1-4,1,1,1,1,,,,,0,0,0,0,,,,,0,0,0,0,,,,
Clam Bay,H,H,1-4,1,1,1,1,,,,,0,0,0,0,,,,,0,0,0,0,,,,
Clam Bay,H,H,1-4,1,1,1,1,,,,,0,0,0,0,,,,,0,0,0,0,,,,
Clam Bay,H,H,1-4,1,1,1,1,,,,,0,0,0,0,,,,,0,0,0,0,,,,
Clam Bay,H,H,1-4,1,1,1,1,,,,,0,0,0,0,,,,,0,0,0,0,,,,
Clam Bay,H,H,1-4,1,1,1,1,,,,,0,0,0,0,,,,,0,0,0,0,,,,
Clam Bay,H,H,1-4,1,1,1,1,,,,,0,0,0,0,,,,,0,0,0,0,,,,
Clam Bay,H,H,1-4,1,1,1,1,,,,,0,0,0,0,,,,,0,0,0,0,,,,
Clam Bay,H,H,1-4,1,1,1,1,,,,,0,0,0,0,,,,,0,0,0,0,,,,
Clam Bay,H,H,1-4,1,1,1,1,,,,,0,0,0,0,,,,,0,0,0,0,,,,
Clam Bay,H,H,1-4,1,1,1,1,,,,,0,0,0,0,,,,,0,0,0,0,,,,
Clam Bay,H,H,1-4,1,1,1,1,,,,,0,0,0,0,,,,,0,0,0,0,,,,
Clam Bay,H,H,1-4,1,1,1,1,,,,,0,0,0,0,,,,,0,0,0,0,,,,
Clam Bay,H,H,1-4,1,1,1,1,,,,,0,0,0,0,,,,,0,0,0,0,,,,
Clam Bay,H,H,1-4,1,1,1,1,,,,,0,0,0,0,,,,,0,0,0,0,,,,
Clam Bay,H,H,1-4,1,1,1,1,,,,,0,0,0,0,,,,,0,0,0,0,,,,
Clam Bay,H,H,1-4,1,1,1,1,,,,,0,0,0,0,,,,,0,0,0,0,,,,
Clam Bay,H,H,1-4,1,1,1,1,,,,,0,0,0,0,,,,,0,0,0,0,,,,
Clam Bay,H,H,1-4,1,1,1,1,,,,,0,0,0,0,,,,,0,0,0,0,,,,
Clam Bay,H,H,1-4,1,1,1,1,,,,,0,0,0,0,,,,,0,0,0,0,,,,
Clam Bay,H,H,1-4,1,1,1,1,,,,,0,0,0,0,,,,,0,0,0,0,,,,
Clam Bay,H,H,1-4,1,1,1,1,,,,,0,0,0,0,,,,,0,0,0,0,,,,
Clam Bay,H,H,1-4,1,1,1,1,,,,,0,0,0,0,,,,,0,0,0,0,,,,
Clam Bay,H,H,1-4,1,1,1,1,,,,,0,0,0,0,,,,,0,0,0,0,,,,
Clam Bay,H,H,1-4,1,1,1,1,,,,,0,0,0,0,,,,,0,0,0,0,,,,
Clam Bay,H,H,1-4,1,1,1,1,,,,,0,0,0,0,,,,,0,0,0,0,,,,
Clam Bay,H,H,1-4,1,1,1,1,,,,,0,0,0,0,,,,,0,0,0,0,,,,
Clam Bay,H,H,1-4,1,1,1,1,,,,,0,0,0,0,,,,,0,0,0,0,,,,
Clam Bay,H,H,1-4,1,1,1,1,,,,,0,0,0,0,,,,,0,0,0,0,,,,
Clam Bay,H,H,1-4,1,1,1,1,,,,,0,0,0,0,,,,,0,0,0,0,,,,
Clam Bay,H,H,1-4,1,1,1,1,,,,,0,0,0,0,,,,,0,0,0,0,,,,
Clam Bay,H,H,1-4,1,1,1,1,,,,,0,0,0,0,,,,,0,0,0,0,,,,
Clam Bay,H,H,1-4,1,1,1,1,,,,,0,0,0,0,,,,,0,0,0,0,,,,
Clam Bay,H,H,1-4,1,1,1,1,,,,,0,0,0,0,,,,,0,0,0,0,,,,
Clam Bay,H,H,1-4,1,1,1,1,,,,,0,0,0,0,,,,,0,0,0,0,,,,
Clam Bay,H,H,1-4,1,1,1,1,,,,,0,0,0,0,,,,,0,0,0,0,,,,
Clam Bay,H,H,1-4,1,1,1,1,,,,,0,0,0,0,,,,,0,0,0,0,,,,
Clam Bay,H,H,1-4,1,1,1,1,,,,,0,0,0,0,,,,,0,0,0,0,,,,
Clam Bay,H,H,1-4,1,1,1,1,,,,,0,0,0,0,,,,,0,0,0,0,,,,
Clam Bay,H,H,1-4,1,1,1,1,,,,,0,0,0,0,,,,,0,0,0,0,,,,
Clam Bay,H,H,1-4,1,1,1,1,,,,,0,0,0,0,,,,,0,0,0,0,,,,
Clam Bay,H,H,1-4,1,1,1,1,,,,,0,0,0,0,,,,,0,0,0,0,,,,
Clam Bay,H,H,1-4,1,1,1,1,,,,,0,0,0,0,,,,,0,0,0,0,,,,
Clam Bay,H,H,1-4,1,1,1,1,,,,,0,0,0,0,,,,,0,0,0,0,,,,
Clam Bay,H,H,1-4,1,1,1,1,,,,,0,0,0,0,,,,,0,0,0,0,,,,
Clam Bay,H,H,1-4,1,1,1,1,,,,,0,0,0,0,,,,,0,0,0,0,,,,
Clam Bay,H,H,1-4,1,1,1,1,,,,,0,0,0,0,,,,,0,0,0,0,,,,
Clam Bay,H,H,1-4,1,1,1,1,,,,,0,0,0,0,,,,,0,0,0,0,,,,
Clam Bay,H,H,1-4,1,1,1,1,,,,,0,0,0,0,,,,,0,0,0,0,,,,
Clam Bay,H,H,1-4,1,1,1,1,,,,,0,0,0,0,,,,,0,0,0,0,,,,
Clam Bay,H,H,1-4,1,1,1,1,,,,,0,0,0,0,,,,,0,0,0,0,,,,
Clam Bay,H,H,1-4,1,1,1,1,,,,,0,0,0,0,,,,,0,0,0,0,,,,
Clam Bay,H,H,1-4,1,1,1,1,,,,,0,0,0,0,,,,,0,0,0,0,,,,
Clam Bay,H,H,1-4,1,1,1,1,,,,,0,0,0,0,,,,,0,0,0,0,,,,
Clam Bay,H,H,1-4,1,1,1,1,,,,,0,0,0,0,,,,,0,0,0,0,,,,
Clam Bay,H,H,1-4,1,1,1,1,,,,,0,0,0,0,,,,,0,0,0,0,,,,
Clam Bay,H,H,1-4,1,1,1,1,,,,,0,0,0,0,,,,,0,0,0,0,,,,
Clam Bay,H,H,1-4,1,1,1,1,,,,,0,0,0,0,,,,,0,0,0,0,,,,
Clam Bay,H,H,1-4,1,1,1,1,,,,,0,0,0,0,,,,,0,0,0,0,,,,
Clam Bay,H,H,1-4,1,1,1,1,,,,,0,0,0,0,,,,,0,0,0,0,,,,
Clam Bay,H,H,1-4,1,1,1,1,,,,,0,0,0,0,,,,,0,0,0,0,,,,
Clam Bay,H,H,1-4,1,1,1,1,,,,,0,0,0,0,,,,,0,0,0,0,,,,
Clam Bay,H,H,1-4,1,1,1,1,,,,,0,0,0,0,,,,,0,0,0,0,,,,
Clam Bay,H,H,1-4,1,1,1,1,,,,,0,0,0,0,,,,,0,0,0,0,,,,
Clam Bay,H,H,1-4,1,1,1,1,,,,,0,0,0,0,,,,,0,0,0,0,,,,
Clam Bay,H,H,1-4,1,1,0,0,,,,,0,0,0,0,,,,,0,0,0,0,,,,
Clam Bay,H,H,1-4,1,1,0,0,,,,,0,0,0,0,,,,,0,0,0,0,,,,
Clam Bay,H,H,1-4,1,1,0,0,,,,,0,0,0,0,,,,,0,0,0,0,,,,
Clam Bay,H,H,1-4,1,1,0,0,,,,,0,0,0,0,,,,,0,0,0,0,,,,
Clam Bay,H,H,1-4,1,1,0,0,,,,,0,0,0,0,,,,,0,0,0,0,,,,
Clam Bay,H,H,1-4,1,1,0,0,,,,,0,0,0,0,,,,,0,0,0,0,,,,
Clam Bay,H,H,1-4,1,1,0,0,,,,,0,0,0,0,,,,,0,0,0,0,,,,
Clam Bay,H,H,1-4,1,1,0,0,,,,,0,0,0,0,,,,,0,0,0,0,,,,
Clam Bay,H,H,1-4,1,1,0,0,,,,,0,0,0,0,,,,,0,0,0,0,,,,
Clam Bay,H,H,1-4,1,1,0,0,,,,,0,0,0,0,,,,,0,0,0,0,,,,
Clam Bay,H,H,1-4,1,1,0,0,,,,,0,0,0,0,,,,,0,0,0,0,,,,
Clam Bay,H,H,1-4,1,1,0,0,,,,,0,0,0,0,,,,,0,0,0,0,,,,
Clam Bay,H,H,1-4,1,1,0,0,,,,,0,0,0,0,,,,,0,0,0,0,,,,
Clam Bay,H,H,1-4,1,1,0,0,,,,,0,0,0,0,,,,,0,0,0,0,,,,
Clam Bay,H,H,1-4,1,0,0,0,,,,,0,0,0,0,,,,,0,0,0,0,,,,
Clam Bay,H,H,1-4,1,0,0,0,,,,,0,0,0,0,,,,,0,0,0,0,,,,
Clam Bay,S,S,9-12,1,1,1,1,,,,,0,0,0,1,,,,,0,0,0,25800,,,,
Clam Bay,S,S,9-12,1,1,1,1,,,,,0,0,0,1,,,,,0,0,0,53400,,,,
Clam Bay,S,S,9-12,1,1,1,1,,,,,0,0,0,1,,,,,0,0,0,27200,,,,
Clam Bay,S,S,9-12,1,1,1,1,,,,,0,0,0,1,,,,,0,0,0,55200,,,,
Clam Bay,S,S,9-12,1,1,1,1,,,,,0,0,0,0,,,,,0,0,0,0,,,,
Clam Bay,S,S,9-12,1,1,1,1,,,,,0,0,0,0,,,,,0,0,0,0,,,,
Clam Bay,S,S,9-12,1,1,1,1,,,,,0,0,0,0,,,,,0,0,0,0,,,,
Clam Bay,S,S,9-12,1,1,1,1,,,,,0,0,0,0,,,,,0,0,0,0,,,,
Clam Bay,S,S,9-12,1,1,1,1,,,,,0,0,0,0,,,,,0,0,0,0,,,,
Clam Bay,S,S,9-12,1,1,1,1,,,,,0,0,0,0,,,,,0,0,0,0,,,,
Clam Bay,S,S,9-12,1,1,1,1,,,,,0,0,0,0,,,,,0,0,0,0,,,,
Clam Bay,S,S,9-12,1,1,1,1,,,,,0,0,0,0,,,,,0,0,0,0,,,,
Clam Bay,S,S,9-12,1,1,1,1,,,,,0,0,0,0,,,,,0,0,0,0,,,,
Clam Bay,S,S,9-12,1,1,1,1,,,,,0,0,0,0,,,,,0,0,0,0,,,,
Clam Bay,S,S,9-12,1,1,1,1,,,,,0,0,0,0,,,,,0,0,0,0,,,,
Clam Bay,S,S,9-12,1,1,1,1,,,,,0,0,0,0,,,,,0,0,0,0,,,,
Clam Bay,S,S,9-12,1,1,1,1,,,,,0,0,0,0,,,,,0,0,0,0,,,,
Clam Bay,S,S,9-12,1,1,1,1,,,,,0,0,0,0,,,,,0,0,0,0,,,,
Clam Bay,S,S,9-12,1,1,1,1,,,,,0,0,0,0,,,,,0,0,0,0,,,,
Clam Bay,S,S,9-12,1,1,1,1,,,,,0,0,0,0,,,,,0,0,0,0,,,,
Clam Bay,S,S,9-12,1,1,1,1,,,,,0,0,0,0,,,,,0,0,0,0,,,,
Clam Bay,S,S,9-12,1,1,1,1,,,,,0,0,0,0,,,,,0,0,0,0,,,,
Clam Bay,S,S,9-12,1,1,1,1,,,,,0,0,0,0,,,,,0,0,0,0,,,,
Clam Bay,S,S,9-12,1,1,1,1,,,,,0,0,0,0,,,,,0,0,0,0,,,,
Clam Bay,S,S,9-12,1,1,1,1,,,,,0,0,0,0,,,,,0,0,0,0,,,,
Clam Bay,S,S,9-12,1,1,1,1,,,,,0,0,0,0,,,,,0,0,0,0,,,,
Clam Bay,S,S,9-12,1,1,1,1,,,,,0,0,0,0,,,,,0,0,0,0,,,,
Clam Bay,S,S,9-12,1,1,1,1,,,,,0,0,0,0,,,,,0,0,0,0,,,,
Clam Bay,S,S,9-12,1,1,1,1,,,,,0,0,0,0,,,,,0,0,0,0,,,,
Clam Bay,S,S,9-12,1,1,1,1,,,,,0,0,0,0,,,,,0,0,0,0,,,,
Clam Bay,S,S,9-12,1,1,1,1,,,,,0,0,0,0,,,,,0,0,0,0,,,,
Clam Bay,S,S,9-12,1,1,1,1,,,,,0,0,0,0,,,,,0,0,0,0,,,,
Clam Bay,S,S,9-12,1,1,1,1,,,,,0,0,0,0,,,,,0,0,0,0,,,,
Clam Bay,S,S,9-12,1,1,1,1,,,,,0,0,0,0,,,,,0,0,0,0,,,,
Clam Bay,S,S,9-12,1,1,1,1,,,,,0,0,0,0,,,,,0,0,0,0,,,,
Clam Bay,S,S,9-12,1,1,1,1,,,,,0,0,0,0,,,,,0,0,0,0,,,,
Clam Bay,S,S,9-12,1,1,1,1,,,,,0,0,0,0,,,,,0,0,0,0,,,,
Clam Bay,S,S,9-12,1,1,1,1,,,,,0,0,0,0,,,,,0,0,0,0,,,,
Clam Bay,S,S,9-12,1,1,1,1,,,,,0,0,0,0,,,,,0,0,0,0,,,,
Clam Bay,S,S,9-12,1,1,1,1,,,,,0,0,0,0,,,,,0,0,0,0,,,,
Clam Bay,S,S,9-12,1,1,1,1,,,,,0,0,0,0,,,,,0,0,0,0,,,,
Clam Bay,S,S,9-12,1,1,1,1,,,,,0,0,0,0,,,,,0,0,0,0,,,,
Clam Bay,S,S,9-12,1,1,1,1,,,,,0,0,0,0,,,,,0,0,0,0,,,,
Clam Bay,S,S,9-12,1,1,1,1,,,,,0,0,0,0,,,,,0,0,0,0,,,,
Clam Bay,S,S,9-12,1,1,1,1,,,,,0,0,0,0,,,,,0,0,0,0,,,,
Clam Bay,S,S,9-12,1,1,1,1,,,,,0,0,0,0,,,,,0,0,0,0,,,,
Clam Bay,S,S,9-12,1,1,1,1,,,,,0,0,0,0,,,,,0,0,0,0,,,,
Clam Bay,S,S,9-12,1,1,1,1,,,,,0,0,0,0,,,,,0,0,0,0,,,,
Clam Bay,S,S,9-12,1,1,1,1,,,,,0,0,0,0,,,,,0,0,0,0,,,,
Clam Bay,S,S,9-12,1,1,1,1,,,,,0,0,0,0,,,,,0,0,0,0,,,,
Clam Bay,S,S,9-12,1,1,1,1,,,,,0,0,0,0,,,,,0,0,0,0,,,,
Clam Bay,S,S,9-12,1,1,1,1,,,,,0,0,0,0,,,,,0,0,0,0,,,,
Clam Bay,S,S,9-12,1,1,1,1,,,,,0,0,0,0,,,,,0,0,0,0,,,,
Clam Bay,S,S,9-12,1,1,1,1,,,,,0,0,0,0,,,,,0,0,0,0,,,,
Clam Bay,S,S,9-12,1,1,1,1,,,,,0,0,0,0,,,,,0,0,0,0,,,,
Clam Bay,S,S,9-12,1,1,1,1,,,,,0,0,0,0,,,,,0,0,0,0,,,,
Clam Bay,S,S,9-12,1,1,1,1,,,,,0,0,0,0,,,,,0,0,0,0,,,,
Clam Bay,S,S,9-12,1,1,1,0,,,,,0,0,0,0,,,,,0,0,0,0,,,,
Clam Bay,S,S,9-12,1,1,1,0,,,,,0,0,0,0,,,,,0,0,0,0,,,,
Clam Bay,S,S,9-12,1,1,1,0,,,,,0,0,0,0,,,,,0,0,0,0,,,,
Clam Bay,S,S,9-12,1,1,1,0,,,,,0,0,0,0,,,,,0,0,0,0,,,,
Clam Bay,S,S,9-12,1,1,1,0,,,,,0,0,0,0,,,,,0,0,0,0,,,,
Clam Bay,S,S,9-12,1,1,1,0,,,,,0,0,0,0,,,,,0,0,0,0,,,,
Clam Bay,S,S,9-12,1,1,1,0,,,,,0,0,0,0,,,,,0,0,0,0,,,,
Clam Bay,S,S,9-12,1,1,1,0,,,,,0,0,0,0,,,,,0,0,0,0,,,,
Clam Bay,S,S,9-12,1,1,1,0,,,,,0,0,0,0,,,,,0,0,0,0,,,,
Clam Bay,S,S,9-12,1,1,1,0,,,,,0,0,0,0,,,,,0,0,0,0,,,,
Clam Bay,S,S,9-12,1,1,1,0,,,,,0,0,0,0,,,,,0,0,0,0,,,,
Clam Bay,S,S,9-12,1,1,1,0,,,,,0,0,0,0,,,,,0,0,0,0,,,,
Clam Bay,S,S,9-12,1,1,0,0,,,,,0,0,0,0,,,,,0,0,0,0,,,,
Clam Bay,S,S,9-12,1,1,0,0,,,,,0,0,0,0,,,,,0,0,0,0,,,,
Clam Bay,S,S,9-12,1,1,0,0,,,,,0,0,0,0,,,,,0,0,0,0,,,,
Clam Bay,S,S,9-12,1,1,0,0,,,,,0,0,0,0,,,,,0,0,0,0,,,,
Clam Bay,S,S,9-12,1,1,0,0,,,,,0,0,0,0,,,,,0,0,0,0,,,,
Clam Bay,S,S,9-12,1,1,0,0,,,,,0,0,0,0,,,,,0,0,0,0,,,,
Clam Bay,S,S,9-12,1,1,0,0,,,,,0,0,0,0,,,,,0,0,0,0,,,,
Clam Bay,S,S,9-12,1,1,0,0,,,,,0,0,0,0,,,,,0,0,0,0,,,,
Clam Bay,S,S,9-12,1,1,0,0,,,,,0,0,0,0,,,,,0,0,0,0,,,,
Clam Bay,S,S,9-12,1,1,0,0,,,,,0,0,0,0,,,,,0,0,0,0,,,,
Clam Bay,S,S,9-12,1,1,0,0,,,,,0,0,0,0,,,,,0,0,0,0,,,,
Clam Bay,S,S,9-12,1,1,0,0,,,,,0,0,0,0,,,,,0,0,0,0,,,,
Clam Bay,S,S,9-12,1,1,0,0,,,,,0,0,0,0,,,,,0,0,0,0,,,,
Clam Bay,S,S,9-12,1,1,0,0,,,,,0,0,0,0,,,,,0,0,0,0,,,,
Clam Bay,S,S,9-12,1,1,0,0,,,,,0,0,0,0,,,,,0,0,0,0,,,,
Clam Bay,S,S,9-12,1,1,0,0,,,,,0,0,0,0,,,,,0,0,0,0,,,,
Clam Bay,S,S,9-12,1,1,0,0,,,,,0,0,0,0,,,,,0,0,0,0,,,,
Clam Bay,S,S,9-12,1,0,0,0,,,,,0,0,0,0,,,,,0,0,0,0,,,,
Clam Bay,S,S,9-12,1,0,0,0,,,,,0,0,0,0,,,,,0,0,0,0,,,,
Clam Bay,S,S,9-12,1,0,0,0,,,,,0,0,0,0,,,,,0,0,0,0,,,,
Clam Bay,S,S,9-12,1,0,0,0,,,,,0,0,0,0,,,,,0,0,0,0,,,,
Clam Bay,S,S,9-12,1,0,0,0,,,,,0,0,0,0,,,,,0,0,0,0,,,,
Clam Bay,S,S,9-12,1,0,0,0,,,,,0,0,0,0,,,,,0,0,0,0,,,,
Clam Bay,S,S,9-12,1,0,0,0,,,,,0,0,0,0,,,,,0,0,0,0,,,,
Clam Bay,S,S,9-12,1,0,0,0,,,,,0,0,0,0,,,,,0,0,0,0,,,,
Clam Bay,S,S,9-12,1,0,0,0,,,,,0,0,0,0,,,,,0,0,0,0,,,,
Clam Bay,S,S,9-12,1,0,0,0,,,,,0,0,0,0,,,,,0,0,0,0,,,,
Clam Bay,S,S,9-12,1,0,0,0,,,,,0,0,0,0,,,,,0,0,0,0,,,,
Clam Bay,S,S,9-12,1,0,0,0,,,,,0,0,0,0,,,,,0,0,0,0,,,,
Fidalgo Bay,N,N,1-4,1,1,1,,,,,,0,0,0,,,,,,0,0,0,,,,,
Fidalgo Bay,N,N,1-4,1,1,1,,,,,,0,0,0,,,,,,0,0,0,,,,,
Fidalgo Bay,N,N,1-4,1,1,1,,,,,,0,0,0,,,,,,0,0,0,,,,,
Fidalgo Bay,N,N,1-4,1,1,1,,,,,,0,0,0,,,,,,0,0,0,,,,,
Fidalgo Bay,N,N,1-4,1,1,1,,,,,,0,0,0,,,,,,0,0,0,,,,,
Fidalgo Bay,N,N,1-4,1,1,1,,,,,,0,0,0,,,,,,0,0,0,,,,,
Fidalgo Bay,N,N,1-4,1,1,1,,,,,,0,0,0,,,,,,0,0,0,,,,,
Fidalgo Bay,N,N,1-4,1,1,1,,,,,,0,0,0,,,,,,0,0,0,,,,,
Fidalgo Bay,N,N,1-4,1,1,1,,,,,,0,0,0,,,,,,0,0,0,,,,,
Fidalgo Bay,N,N,1-4,1,1,1,,,,,,0,0,0,,,,,,0,0,0,,,,,
Fidalgo Bay,N,N,1-4,1,1,1,,,,,,0,0,0,,,,,,0,0,0,,,,,
Fidalgo Bay,N,N,1-4,1,1,1,,,,,,0,0,0,,,,,,0,0,0,,,,,
Fidalgo Bay,N,N,1-4,1,1,1,,,,,,0,0,0,,,,,,0,0,0,,,,,
Fidalgo Bay,N,N,1-4,1,1,1,,,,,,0,0,0,,,,,,0,0,0,,,,,
Fidalgo Bay,N,N,1-4,1,1,1,,,,,,0,0,0,,,,,,0,0,0,,,,,
Fidalgo Bay,N,N,1-4,1,1,1,,,,,,0,0,0,,,,,,0,0,0,,,,,
Fidalgo Bay,N,N,1-4,1,1,1,,,,,,0,0,0,,,,,,0,0,0,,,,,
Fidalgo Bay,N,N,1-4,1,1,1,,,,,,0,0,0,,,,,,0,0,0,,,,,
Fidalgo Bay,N,N,1-4,1,1,1,,,,,,0,0,0,,,,,,0,0,0,,,,,
Fidalgo Bay,N,N,1-4,1,1,1,,,,,,0,0,0,,,,,,0,0,0,,,,,
Fidalgo Bay,N,N,1-4,1,1,1,,,,,,0,0,0,,,,,,0,0,0,,,,,
Fidalgo Bay,N,N,1-4,1,1,1,,,,,,0,0,0,,,,,,0,0,0,,,,,
Fidalgo Bay,N,N,1-4,1,1,1,,,,,,0,0,0,,,,,,0,0,0,,,,,
Fidalgo Bay,N,N,1-4,1,1,1,,,,,,0,0,0,,,,,,0,0,0,,,,,
Fidalgo Bay,N,N,1-4,1,1,1,,,,,,0,0,0,,,,,,0,0,0,,,,,
Fidalgo Bay,N,N,1-4,1,1,1,,,,,,0,0,0,,,,,,0,0,0,,,,,
Fidalgo Bay,N,N,1-4,1,1,1,,,,,,0,0,0,,,,,,0,0,0,,,,,
Fidalgo Bay,N,N,1-4,1,1,1,,,,,,0,0,0,,,,,,0,0,0,,,,,
Fidalgo Bay,N,N,1-4,1,1,1,,,,,,0,0,0,,,,,,0,0,0,,,,,
Fidalgo Bay,N,N,1-4,1,1,1,,,,,,0,0,0,,,,,,0,0,0,,,,,
Fidalgo Bay,N,N,1-4,1,1,1,,,,,,0,0,0,,,,,,0,0,0,,,,,
Fidalgo Bay,N,N,1-4,1,1,1,,,,,,0,0,0,,,,,,0,0,0,,,,,
Fidalgo Bay,N,N,1-4,1,1,1,,,,,,0,0,0,,,,,,0,0,0,,,,,
Fidalgo Bay,N,N,1-4,1,1,1,,,,,,0,0,0,,,,,,0,0,0,,,,,
Fidalgo Bay,N,N,1-4,1,1,1,,,,,,0,0,0,,,,,,0,0,0,,,,,
Fidalgo Bay,N,N,1-4,1,1,1,,,,,,0,0,0,,,,,,0,0,0,,,,,
Fidalgo Bay,N,N,1-4,1,1,1,,,,,,0,0,0,,,,,,0,0,0,,,,,
Fidalgo Bay,N,N,1-4,1,1,1,,,,,,0,0,0,,,,,,0,0,0,,,,,
Fidalgo Bay,N,N,1-4,1,1,1,,,,,,0,0,0,,,,,,0,0,0,,,,,
Fidalgo Bay,N,N,1-4,1,1,1,,,,,,0,0,0,,,,,,0,0,0,,,,,
Fidalgo Bay,N,N,1-4,1,1,1,,,,,,0,0,0,,,,,,0,0,0,,,,,
Fidalgo Bay,N,N,1-4,1,1,1,,,,,,0,0,0,,,,,,0,0,0,,,,,
Fidalgo Bay,N,N,1-4,1,1,1,,,,,,0,0,0,,,,,,0,0,0,,,,,
Fidalgo Bay,N,N,1-4,1,1,1,,,,,,0,0,0,,,,,,0,0,0,,,,,
Fidalgo Bay,N,N,1-4,1,1,1,,,,,,0,0,0,,,,,,0,0,0,,,,,
Fidalgo Bay,N,N,1-4,1,1,1,,,,,,0,0,0,,,,,,0,0,0,,,,,
Fidalgo Bay,N,N,1-4,1,1,1,,,,,,0,0,0,,,,,,0,0,0,,,,,
Fidalgo Bay,N,N,1-4,1,1,1,,,,,,0,0,0,,,,,,0,0,0,,,,,
Fidalgo Bay,N,N,1-4,1,1,1,,,,,,0,0,0,,,,,,0,0,0,,,,,
Fidalgo Bay,N,N,1-4,1,1,1,,,,,,0,0,0,,,,,,0,0,0,,,,,
Fidalgo Bay,N,N,1-4,1,1,1,,,,,,0,0,0,,,,,,0,0,0,,,,,
Fidalgo Bay,N,N,1-4,1,1,1,,,,,,0,0,0,,,,,,0,0,0,,,,,
Fidalgo Bay,N,N,1-4,1,1,1,,,,,,0,0,0,,,,,,0,0,0,,,,,
Fidalgo Bay,N,N,1-4,1,1,1,,,,,,0,0,0,,,,,,0,0,0,,,,,
Fidalgo Bay,N,N,1-4,1,1,1,,,,,,0,0,0,,,,,,0,0,0,,,,,
Fidalgo Bay,N,N,1-4,1,1,1,,,,,,0,0,0,,,,,,0,0,0,,,,,
Fidalgo Bay,N,N,1-4,1,1,1,,,,,,0,0,0,,,,,,0,0,0,,,,,
Fidalgo Bay,N,N,1-4,1,1,1,,,,,,0,0,0,,,,,,0,0,0,,,,,
Fidalgo Bay,N,N,1-4,1,1,1,,,,,,0,0,0,,,,,,0,0,0,,,,,
Fidalgo Bay,N,N,1-4,1,1,1,,,,,,0,0,0,,,,,,0,0,0,,,,,
Fidalgo Bay,N,N,1-4,1,1,1,,,,,,0,0,0,,,,,,0,0,0,,,,,
Fidalgo Bay,N,N,1-4,1,1,1,,,,,,0,0,0,,,,,,0,0,0,,,,,
Fidalgo Bay,N,N,1-4,1,1,1,,,,,,0,0,0,,,,,,0,0,0,,,,,
Fidalgo Bay,N,N,1-4,1,1,1,,,,,,0,0,0,,,,,,0,0,0,,,,,
Fidalgo Bay,N,N,1-4,1,1,1,,,,,,0,0,0,,,,,,0,0,0,,,,,
Fidalgo Bay,N,N,1-4,1,1,1,,,,,,0,0,0,,,,,,0,0,0,,,,,
Fidalgo Bay,N,N,1-4,1,1,1,,,,,,0,0,0,,,,,,0,0,0,,,,,
Fidalgo Bay,N,N,1-4,1,1,1,,,,,,0,0,0,,,,,,0,0,0,,,,,
Fidalgo Bay,N,N,1-4,1,1,1,,,,,,0,0,0,,,,,,0,0,0,,,,,
Fidalgo Bay,N,N,1-4,1,1,1,,,,,,0,0,0,,,,,,0,0,0,,,,,
Fidalgo Bay,N,N,1-4,1,1,1,,,,,,0,0,0,,,,,,0,0,0,,,,,
Fidalgo Bay,N,N,1-4,1,1,1,,,,,,0,0,0,,,,,,0,0,0,,,,,
Fidalgo Bay,N,N,1-4,1,1,1,,,,,,0,0,0,,,,,,0,0,0,,,,,
Fidalgo Bay,N,N,1-4,1,1,1,,,,,,0,0,0,,,,,,0,0,0,,,,,
Fidalgo Bay,N,N,1-4,1,1,1,,,,,,0,0,0,,,,,,0,0,0,,,,,
Fidalgo Bay,N,N,1-4,1,1,1,,,,,,0,0,0,,,,,,0,0,0,,,,,
Fidalgo Bay,N,N,1-4,1,1,1,,,,,,0,0,0,,,,,,0,0,0,,,,,
Fidalgo Bay,N,N,1-4,1,1,1,,,,,,0,0,0,,,,,,0,0,0,,,,,
Fidalgo Bay,N,N,1-4,1,1,1,,,,,,0,0,0,,,,,,0,0,0,,,,,
Fidalgo Bay,N,N,1-4,1,1,1,,,,,,0,0,0,,,,,,0,0,0,,,,,
Fidalgo Bay,N,N,1-4,1,1,1,,,,,,0,0,0,,,,,,0,0,0,,,,,
Fidalgo Bay,N,N,1-4,1,1,1,,,,,,0,0,0,,,,,,0,0,0,,,,,
Fidalgo Bay,N,N,1-4,1,1,1,,,,,,0,0,0,,,,,,0,0,0,,,,,
Fidalgo Bay,N,N,1-4,1,1,1,,,,,,0,0,0,,,,,,0,0,0,,,,,
Fidalgo Bay,N,N,1-4,1,1,1,,,,,,0,0,0,,,,,,0,0,0,,,,,
Fidalgo Bay,N,N,1-4,1,1,1,,,,,,0,0,0,,,,,,0,0,0,,,,,
Fidalgo Bay,N,N,1-4,1,1,1,,,,,,0,0,0,,,,,,0,0,0,,,,,
Fidalgo Bay,N,N,1-4,1,1,1,,,,,,0,0,0,,,,,,0,0,0,,,,,
Fidalgo Bay,N,N,1-4,1,1,1,,,,,,0,0,0,,,,,,0,0,0,,,,,
Fidalgo Bay,N,N,1-4,1,1,1,,,,,,0,0,0,,,,,,0,0,0,,,,,
Fidalgo Bay,N,N,1-4,1,1,1,,,,,,0,0,0,,,,,,0,0,0,,,,,
Fidalgo Bay,N,N,1-4,1,1,1,,,,,,0,0,0,,,,,,0,0,0,,,,,
Fidalgo Bay,N,N,1-4,1,1,1,,,,,,0,0,0,,,,,,0,0,0,,,,,
Fidalgo Bay,N,N,1-4,1,1,1,,,,,,0,0,0,,,,,,0,0,0,,,,,
Fidalgo Bay,N,N,1-4,1,1,1,,,,,,0,0,0,,,,,,0,0,0,,,,,
Fidalgo Bay,N,N,1-4,1,0,0,,,,,,0,0,0,,,,,,0,0,0,,,,,
Fidalgo Bay,N,N,1-4,1,0,0,,,,,,0,0,0,,,,,,0,0,0,,,,,
Fidalgo Bay,N,N,1-4,1,0,0,,,,,,0,0,0,,,,,,0,0,0,,,,,
Fidalgo Bay,N,N,1-4,1,0,0,,,,,,0,0,0,,,,,,0,0,0,,,,,
Fidalgo Bay,H,H,5-8,1,1,1,,,,,,0,0,0,,,,,,0,0,0,,,,,
Fidalgo Bay,H,H,5-8,1,1,1,,,,,,0,0,0,,,,,,0,0,0,,,,,
Fidalgo Bay,H,H,5-8,1,1,1,,,,,,0,0,0,,,,,,0,0,0,,,,,
Fidalgo Bay,H,H,5-8,1,1,1,,,,,,0,0,0,,,,,,0,0,0,,,,,
Fidalgo Bay,H,H,5-8,1,1,1,,,,,,0,0,0,,,,,,0,0,0,,,,,
Fidalgo Bay,H,H,5-8,1,1,1,,,,,,0,0,0,,,,,,0,0,0,,,,,
Fidalgo Bay,H,H,5-8,1,1,1,,,,,,0,0,0,,,,,,0,0,0,,,,,
Fidalgo Bay,H,H,5-8,1,1,1,,,,,,0,0,0,,,,,,0,0,0,,,,,
Fidalgo Bay,H,H,5-8,1,1,1,,,,,,0,0,0,,,,,,0,0,0,,,,,
Fidalgo Bay,H,H,5-8,1,1,1,,,,,,0,0,0,,,,,,0,0,0,,,,,
Fidalgo Bay,H,H,5-8,1,1,1,,,,,,0,0,0,,,,,,0,0,0,,,,,
Fidalgo Bay,H,H,5-8,1,1,1,,,,,,0,0,0,,,,,,0,0,0,,,,,
Fidalgo Bay,H,H,5-8,1,1,1,,,,,,0,0,0,,,,,,0,0,0,,,,,
Fidalgo Bay,H,H,5-8,1,1,1,,,,,,0,0,0,,,,,,0,0,0,,,,,
Fidalgo Bay,H,H,5-8,1,1,1,,,,,,0,0,0,,,,,,0,0,0,,,,,
Fidalgo Bay,H,H,5-8,1,1,1,,,,,,0,0,0,,,,,,0,0,0,,,,,
Fidalgo Bay,H,H,5-8,1,1,1,,,,,,0,0,0,,,,,,0,0,0,,,,,
Fidalgo Bay,H,H,5-8,1,1,1,,,,,,0,0,0,,,,,,0,0,0,,,,,
Fidalgo Bay,H,H,5-8,1,1,1,,,,,,0,0,0,,,,,,0,0,0,,,,,
Fidalgo Bay,H,H,5-8,1,1,1,,,,,,0,0,0,,,,,,0,0,0,,,,,
Fidalgo Bay,H,H,5-8,1,1,1,,,,,,0,0,0,,,,,,0,0,0,,,,,
Fidalgo Bay,H,H,5-8,1,1,1,,,,,,0,0,0,,,,,,0,0,0,,,,,
Fidalgo Bay,H,H,5-8,1,1,1,,,,,,0,0,0,,,,,,0,0,0,,,,,
Fidalgo Bay,H,H,5-8,1,1,1,,,,,,0,0,0,,,,,,0,0,0,,,,,
Fidalgo Bay,H,H,5-8,1,1,1,,,,,,0,0,0,,,,,,0,0,0,,,,,
Fidalgo Bay,H,H,5-8,1,1,1,,,,,,0,0,0,,,,,,0,0,0,,,,,
Fidalgo Bay,H,H,5-8,1,1,1,,,,,,0,0,0,,,,,,0,0,0,,,,,
Fidalgo Bay,H,H,5-8,1,1,1,,,,,,0,0,0,,,,,,0,0,0,,,,,
Fidalgo Bay,H,H,5-8,1,1,1,,,,,,0,0,0,,,,,,0,0,0,,,,,
Fidalgo Bay,H,H,5-8,1,1,1,,,,,,0,0,0,,,,,,0,0,0,,,,,
Fidalgo Bay,H,H,5-8,1,1,1,,,,,,0,0,0,,,,,,0,0,0,,,,,
Fidalgo Bay,H,H,5-8,1,1,1,,,,,,0,0,0,,,,,,0,0,0,,,,,
Fidalgo Bay,H,H,5-8,1,1,1,,,,,,0,0,0,,,,,,0,0,0,,,,,
Fidalgo Bay,H,H,5-8,1,1,1,,,,,,0,0,0,,,,,,0,0,0,,,,,
Fidalgo Bay,H,H,5-8,1,1,1,,,,,,0,0,0,,,,,,0,0,0,,,,,
Fidalgo Bay,H,H,5-8,1,1,1,,,,,,0,0,0,,,,,,0,0,0,,,,,
Fidalgo Bay,H,H,5-8,1,1,1,,,,,,0,0,0,,,,,,0,0,0,,,,,
Fidalgo Bay,H,H,5-8,1,1,1,,,,,,0,0,0,,,,,,0,0,0,,,,,
Fidalgo Bay,H,H,5-8,1,1,1,,,,,,0,0,0,,,,,,0,0,0,,,,,
Fidalgo Bay,H,H,5-8,1,1,1,,,,,,0,0,0,,,,,,0,0,0,,,,,
Fidalgo Bay,H,H,5-8,1,1,1,,,,,,0,0,0,,,,,,0,0,0,,,,,
Fidalgo Bay,H,H,5-8,1,1,1,,,,,,0,0,0,,,,,,0,0,0,,,,,
Fidalgo Bay,H,H,5-8,1,1,1,,,,,,0,0,0,,,,,,0,0,0,,,,,
Fidalgo Bay,H,H,5-8,1,1,1,,,,,,0,0,0,,,,,,0,0,0,,,,,
Fidalgo Bay,H,H,5-8,1,1,1,,,,,,0,0,0,,,,,,0,0,0,,,,,
Fidalgo Bay,H,H,5-8,1,1,1,,,,,,0,0,0,,,,,,0,0,0,,,,,
Fidalgo Bay,H,H,5-8,1,1,1,,,,,,0,0,0,,,,,,0,0,0,,,,,
Fidalgo Bay,H,H,5-8,1,1,1,,,,,,0,0,0,,,,,,0,0,0,,,,,
Fidalgo Bay,H,H,5-8,1,1,1,,,,,,0,0,0,,,,,,0,0,0,,,,,
Fidalgo Bay,H,H,5-8,1,1,1,,,,,,0,0,0,,,,,,0,0,0,,,,,
Fidalgo Bay,H,H,5-8,1,1,1,,,,,,0,0,0,,,,,,0,0,0,,,,,
Fidalgo Bay,H,H,5-8,1,1,1,,,,,,0,0,0,,,,,,0,0,0,,,,,
Fidalgo Bay,H,H,5-8,1,1,1,,,,,,0,0,0,,,,,,0,0,0,,,,,
Fidalgo Bay,H,H,5-8,1,1,1,,,,,,0,0,0,,,,,,0,0,0,,,,,
Fidalgo Bay,H,H,5-8,1,1,1,,,,,,0,0,0,,,,,,0,0,0,,,,,
Fidalgo Bay,H,H,5-8,1,1,1,,,,,,0,0,0,,,,,,0,0,0,,,,,
Fidalgo Bay,H,H,5-8,1,1,1,,,,,,0,0,0,,,,,,0,0,0,,,,,
Fidalgo Bay,H,H,5-8,1,1,1,,,,,,0,0,0,,,,,,0,0,0,,,,,
Fidalgo Bay,H,H,5-8,1,1,1,,,,,,0,0,0,,,,,,0,0,0,,,,,
Fidalgo Bay,H,H,5-8,1,1,1,,,,,,0,0,0,,,,,,0,0,0,,,,,
Fidalgo Bay,H,H,5-8,1,1,1,,,,,,0,0,0,,,,,,0,0,0,,,,,
Fidalgo Bay,H,H,5-8,1,1,1,,,,,,0,0,0,,,,,,0,0,0,,,,,
Fidalgo Bay,H,H,5-8,1,1,1,,,,,,0,0,0,,,,,,0,0,0,,,,,
Fidalgo Bay,H,H,5-8,1,1,1,,,,,,0,0,0,,,,,,0,0,0,,,,,
Fidalgo Bay,H,H,5-8,1,1,1,,,,,,0,0,0,,,,,,0,0,0,,,,,
Fidalgo Bay,H,H,5-8,1,1,1,,,,,,0,0,0,,,,,,0,0,0,,,,,
Fidalgo Bay,H,H,5-8,1,1,1,,,,,,0,0,0,,,,,,0,0,0,,,,,
Fidalgo Bay,H,H,5-8,1,1,1,,,,,,0,0,0,,,,,,0,0,0,,,,,
Fidalgo Bay,H,H,5-8,1,1,1,,,,,,0,0,0,,,,,,0,0,0,,,,,
Fidalgo Bay,H,H,5-8,1,1,1,,,,,,0,0,0,,,,,,0,0,0,,,,,
Fidalgo Bay,H,H,5-8,1,1,1,,,,,,0,0,0,,,,,,0,0,0,,,,,
Fidalgo Bay,H,H,5-8,1,1,1,,,,,,0,0,0,,,,,,0,0,0,,,,,
Fidalgo Bay,H,H,5-8,1,1,1,,,,,,0,0,0,,,,,,0,0,0,,,,,
Fidalgo Bay,H,H,5-8,1,1,1,,,,,,0,0,0,,,,,,0,0,0,,,,,
Fidalgo Bay,H,H,5-8,1,1,1,,,,,,0,0,0,,,,,,0,0,0,,,,,
Fidalgo Bay,H,H,5-8,1,1,1,,,,,,0,0,0,,,,,,0,0,0,,,,,
Fidalgo Bay,H,H,5-8,1,1,1,,,,,,0,0,0,,,,,,0,0,0,,,,,
Fidalgo Bay,H,H,5-8,1,1,1,,,,,,0,0,0,,,,,,0,0,0,,,,,
Fidalgo Bay,H,H,5-8,1,1,1,,,,,,0,0,0,,,,,,0,0,0,,,,,
Fidalgo Bay,H,H,5-8,1,1,1,,,,,,0,0,0,,,,,,0,0,0,,,,,
Fidalgo Bay,H,H,5-8,1,1,1,,,,,,0,0,0,,,,,,0,0,0,,,,,
Fidalgo Bay,H,H,5-8,1,1,1,,,,,,0,0,0,,,,,,0,0,0,,,,,
Fidalgo Bay,H,H,5-8,1,1,1,,,,,,0,0,0,,,,,,0,0,0,,,,,
Fidalgo Bay,H,H,5-8,1,1,1,,,,,,0,0,0,,,,,,0,0,0,,,,,
Fidalgo Bay,H,H,5-8,1,1,1,,,,,,0,0,0,,,,,,0,0,0,,,,,
Fidalgo Bay,H,H,5-8,1,1,1,,,,,,0,0,0,,,,,,0,0,0,,,,,
Fidalgo Bay,H,H,5-8,1,1,1,,,,,,0,0,0,,,,,,0,0,0,,,,,
Fidalgo Bay,H,H,5-8,1,1,1,,,,,,0,0,0,,,,,,0,0,0,,,,,
Fidalgo Bay,H,H,5-8,1,1,1,,,,,,0,0,0,,,,,,0,0,0,,,,,
Fidalgo Bay,H,H,5-8,1,1,1,,,,,,0,0,0,,,,,,0,0,0,,,,,
Fidalgo Bay,H,H,5-8,1,1,1,,,,,,0,0,0,,,,,,0,0,0,,,,,
Fidalgo Bay,H,H,5-8,1,1,1,,,,,,0,0,0,,,,,,0,0,0,,,,,
Fidalgo Bay,H,H,5-8,1,1,1,,,,,,0,0,0,,,,,,0,0,0,,,,,
Fidalgo Bay,H,H,5-8,1,1,1,,,,,,0,0,0,,,,,,0,0,0,,,,,
Fidalgo Bay,H,H,5-8,1,1,1,,,,,,0,0,0,,,,,,0,0,0,,,,,
Fidalgo Bay,H,H,5-8,1,1,1,,,,,,0,0,0,,,,,,0,0,0,,,,,
Fidalgo Bay,H,H,5-8,1,1,1,,,,,,0,0,0,,,,,,0,0,0,,,,,
Fidalgo Bay,H,H,5-8,1,1,1,,,,,,0,0,0,,,,,,0,0,0,,,,,
Fidalgo Bay,H,H,5-8,1,1,0,,,,,,0,0,0,,,,,,0,0,0,,,,,
Fidalgo Bay,H,H,5-8,1,0,0,,,,,,0,0,0,,,,,,0,0,0,,,,,
Fidalgo Bay,S,S,13-16,1,1,1,,,,,,0,1,1,,,,,,0,8167,309867,,,,,
Fidalgo Bay,S,S,13-16,1,1,1,,,,,,0,1,1,,,,,,0,933,44080,,,,,
Fidalgo Bay,S,S,13-16,1,1,1,,,,,,0,1,1,,,,,,0,1117,23120,,,,,
Fidalgo Bay,S,S,13-16,1,1,1,,,,,,0,1,1,,,,,,0,3000,206040,,,,,
Fidalgo Bay,S,S,13-16,1,1,1,,,,,,0,1,1,,,,,,0,400,81467,,,,,
Fidalgo Bay,S,S,13-16,1,1,1,,,,,,0,1,1,,,,,,0,0,74507,,,,,
Fidalgo Bay,S,S,13-16,1,1,1,,,,,,0,1,1,,,,,,0,0,21773,,,,,
Fidalgo Bay,S,S,13-16,1,1,1,,,,,,0,0,1,,,,,,0,0,86240,,,,,
Fidalgo Bay,S,S,13-16,1,1,1,,,,,,0,0,1,,,,,,0,0,237253,,,,,
Fidalgo Bay,S,S,13-16,1,1,1,,,,,,0,0,1,,,,,,0,0,92960,,,,,
Fidalgo Bay,S,S,13-16,1,1,1,,,,,,0,0,1,,,,,,0,0,10580,,,,,
Fidalgo Bay,S,S,13-16,1,1,1,,,,,,0,0,0,,,,,,0,0,0,,,,,
Fidalgo Bay,S,S,13-16,1,1,1,,,,,,0,0,0,,,,,,0,0,0,,,,,
Fidalgo Bay,S,S,13-16,1,1,1,,,,,,0,0,0,,,,,,0,0,0,,,,,
Fidalgo Bay,S,S,13-16,1,1,1,,,,,,0,0,0,,,,,,0,0,0,,,,,
Fidalgo Bay,S,S,13-16,1,1,1,,,,,,0,0,0,,,,,,0,0,0,,,,,
Fidalgo Bay,S,S,13-16,1,1,1,,,,,,0,0,0,,,,,,0,0,0,,,,,
Fidalgo Bay,S,S,13-16,1,1,1,,,,,,0,0,0,,,,,,0,0,0,,,,,
Fidalgo Bay,S,S,13-16,1,1,1,,,,,,0,0,0,,,,,,0,0,0,,,,,
Fidalgo Bay,S,S,13-16,1,1,1,,,,,,0,0,0,,,,,,0,0,0,,,,,
Fidalgo Bay,S,S,13-16,1,1,1,,,,,,0,0,0,,,,,,0,0,0,,,,,
Fidalgo Bay,S,S,13-16,1,1,1,,,,,,0,0,0,,,,,,0,0,0,,,,,
Fidalgo Bay,S,S,13-16,1,1,1,,,,,,0,0,0,,,,,,0,0,0,,,,,
Fidalgo Bay,S,S,13-16,1,1,1,,,,,,0,0,0,,,,,,0,0,0,,,,,
Fidalgo Bay,S,S,13-16,1,1,1,,,,,,0,0,0,,,,,,0,0,0,,,,,
Fidalgo Bay,S,S,13-16,1,1,1,,,,,,0,0,0,,,,,,0,0,0,,,,,
Fidalgo Bay,S,S,13-16,1,1,1,,,,,,0,0,0,,,,,,0,0,0,,,,,
Fidalgo Bay,S,S,13-16,1,1,1,,,,,,0,0,0,,,,,,0,0,0,,,,,
Fidalgo Bay,S,S,13-16,1,1,1,,,,,,0,0,0,,,,,,0,0,0,,,,,
Fidalgo Bay,S,S,13-16,1,1,1,,,,,,0,0,0,,,,,,0,0,0,,,,,
Fidalgo Bay,S,S,13-16,1,1,1,,,,,,0,0,0,,,,,,0,0,0,,,,,
Fidalgo Bay,S,S,13-16,1,1,1,,,,,,0,0,0,,,,,,0,0,0,,,,,
Fidalgo Bay,S,S,13-16,1,1,1,,,,,,0,0,0,,,,,,0,0,0,,,,,
Fidalgo Bay,S,S,13-16,1,1,1,,,,,,0,0,0,,,,,,0,0,0,,,,,
Fidalgo Bay,S,S,13-16,1,1,1,,,,,,0,0,0,,,,,,0,0,0,,,,,
Fidalgo Bay,S,S,13-16,1,1,1,,,,,,0,0,0,,,,,,0,0,0,,,,,
Fidalgo Bay,S,S,13-16,1,1,1,,,,,,0,0,0,,,,,,0,0,0,,,,,
Fidalgo Bay,S,S,13-16,1,1,1,,,,,,0,0,0,,,,,,0,0,0,,,,,
Fidalgo Bay,S,S,13-16,1,1,1,,,,,,0,0,0,,,,,,0,0,0,,,,,
Fidalgo Bay,S,S,13-16,1,1,1,,,,,,0,0,0,,,,,,0,0,0,,,,,
Fidalgo Bay,S,S,13-16,1,1,1,,,,,,0,0,0,,,,,,0,0,0,,,,,
Fidalgo Bay,S,S,13-16,1,1,1,,,,,,0,0,0,,,,,,0,0,0,,,,,
Fidalgo Bay,S,S,13-16,1,1,1,,,,,,0,0,0,,,,,,0,0,0,,,,,
Fidalgo Bay,S,S,13-16,1,1,1,,,,,,0,0,0,,,,,,0,0,0,,,,,
Fidalgo Bay,S,S,13-16,1,1,1,,,,,,0,0,0,,,,,,0,0,0,,,,,
Fidalgo Bay,S,S,13-16,1,1,1,,,,,,0,0,0,,,,,,0,0,0,,,,,
Fidalgo Bay,S,S,13-16,1,1,1,,,,,,0,0,0,,,,,,0,0,0,,,,,
Fidalgo Bay,S,S,13-16,1,1,1,,,,,,0,0,0,,,,,,0,0,0,,,,,
Fidalgo Bay,S,S,13-16,1,1,1,,,,,,0,0,0,,,,,,0,0,0,,,,,
Fidalgo Bay,S,S,13-16,1,1,1,,,,,,0,0,0,,,,,,0,0,0,,,,,
Fidalgo Bay,S,S,13-16,1,1,1,,,,,,0,0,0,,,,,,0,0,0,,,,,
Fidalgo Bay,S,S,13-16,1,1,1,,,,,,0,0,0,,,,,,0,0,0,,,,,
Fidalgo Bay,S,S,13-16,1,1,1,,,,,,0,0,0,,,,,,0,0,0,,,,,
Fidalgo Bay,S,S,13-16,1,1,1,,,,,,0,0,0,,,,,,0,0,0,,,,,
Fidalgo Bay,S,S,13-16,1,1,1,,,,,,0,0,0,,,,,,0,0,0,,,,,
Fidalgo Bay,S,S,13-16,1,1,1,,,,,,0,0,0,,,,,,0,0,0,,,,,
Fidalgo Bay,S,S,13-16,1,1,1,,,,,,0,0,0,,,,,,0,0,0,,,,,
Fidalgo Bay,S,S,13-16,1,1,1,,,,,,0,0,0,,,,,,0,0,0,,,,,
Fidalgo Bay,S,S,13-16,1,1,1,,,,,,0,0,0,,,,,,0,0,0,,,,,
Fidalgo Bay,S,S,13-16,1,1,1,,,,,,0,0,0,,,,,,0,0,0,,,,,
Fidalgo Bay,S,S,13-16,1,1,1,,,,,,0,0,0,,,,,,0,0,0,,,,,
Fidalgo Bay,S,S,13-16,1,1,1,,,,,,0,0,0,,,,,,0,0,0,,,,,
Fidalgo Bay,S,S,13-16,1,1,1,,,,,,0,0,0,,,,,,0,0,0,,,,,
Fidalgo Bay,S,S,13-16,1,1,1,,,,,,0,0,0,,,,,,0,0,0,,,,,
Fidalgo Bay,S,S,13-16,1,1,1,,,,,,0,0,0,,,,,,0,0,0,,,,,
Fidalgo Bay,S,S,13-16,1,1,1,,,,,,0,0,0,,,,,,0,0,0,,,,,
Fidalgo Bay,S,S,13-16,1,1,1,,,,,,0,0,0,,,,,,0,0,0,,,,,
Fidalgo Bay,S,S,13-16,1,1,1,,,,,,0,0,0,,,,,,0,0,0,,,,,
Fidalgo Bay,S,S,13-16,1,1,1,,,,,,0,0,0,,,,,,0,0,0,,,,,
Fidalgo Bay,S,S,13-16,1,1,1,,,,,,0,0,0,,,,,,0,0,0,,,,,
Fidalgo Bay,S,S,13-16,1,1,1,,,,,,0,0,0,,,,,,0,0,0,,,,,
Fidalgo Bay,S,S,13-16,1,1,1,,,,,,0,0,0,,,,,,0,0,0,,,,,
Fidalgo Bay,S,S,13-16,1,1,1,,,,,,0,0,0,,,,,,0,0,0,,,,,
Fidalgo Bay,S,S,13-16,1,1,1,,,,,,0,0,0,,,,,,0,0,0,,,,,
Fidalgo Bay,S,S,13-16,1,1,1,,,,,,0,0,0,,,,,,0,0,0,,,,,
Fidalgo Bay,S,S,13-16,1,1,1,,,,,,0,0,0,,,,,,0,0,0,,,,,
Fidalgo Bay,S,S,13-16,1,1,1,,,,,,0,0,0,,,,,,0,0,0,,,,,
Fidalgo Bay,S,S,13-16,1,1,1,,,,,,0,0,0,,,,,,0,0,0,,,,,
Fidalgo Bay,S,S,13-16,1,1,1,,,,,,0,0,0,,,,,,0,0,0,,,,,
Fidalgo Bay,S,S,13-16,1,1,1,,,,,,0,0,0,,,,,,0,0,0,,,,,
Fidalgo Bay,S,S,13-16,1,1,1,,,,,,0,0,0,,,,,,0,0,0,,,,,
Fidalgo Bay,S,S,13-16,1,1,1,,,,,,0,0,0,,,,,,0,0,0,,,,,
Fidalgo Bay,S,S,13-16,1,1,1,,,,,,0,0,0,,,,,,0,0,0,,,,,
Fidalgo Bay,S,S,13-16,1,1,1,,,,,,0,0,0,,,,,,0,0,0,,,,,
Fidalgo Bay,S,S,13-16,1,1,1,,,,,,0,0,0,,,,,,0,0,0,,,,,
Fidalgo Bay,S,S,13-16,1,1,1,,,,,,0,0,0,,,,,,0,0,0,,,,,
Fidalgo Bay,S,S,13-16,1,0,0,,,,,,0,0,0,,,,,,0,0,0,,,,,
Fidalgo Bay,S,S,13-16,1,0,0,,,,,,0,0,0,,,,,,0,0,0,,,,,
Fidalgo Bay,S,S,13-16,1,0,0,,,,,,0,0,0,,,,,,0,0,0,,,,,
Fidalgo Bay,S,S,13-16,1,0,0,,,,,,0,0,0,,,,,,0,0,0,,,,,
Fidalgo Bay,S,S,13-16,1,0,0,,,,,,0,0,0,,,,,,0,0,0,,,,,
Fidalgo Bay,S,S,13-16,1,0,0,,,,,,0,0,0,,,,,,0,0,0,,,,,
Fidalgo Bay,S,S,13-16,1,0,0,,,,,,0,0,0,,,,,,0,0,0,,,,,
Fidalgo Bay,S,S,13-16,1,0,0,,,,,,0,0,0,,,,,,0,0,0,,,,,